Spot, Strike, Vol, Expiry, BSC_An_Vega, BSC_Bumped_Vega, MC_Results, NumberOfPaths 
40,50,0.0100001,1e-07,1e-07,1e-07,1e-07,10000,
40,50,0.0100001,0.2,1e-07,1e-07,1e-07,10000,
40,50,0.0100001,0.4,1e-07,1e-07,1e-07,10000,
40,50,0.0100001,0.6,1e-07,1e-07,1e-07,10000,
40,50,0.0100001,0.8,1e-07,1e-07,1e-07,10000,
40,50,0.0100001,1,1e-07,1e-07,1e-07,10000,
40,50,0.0480001,1e-07,1e-07,1e-07,1e-07,10000,
40,50,0.0480001,0.2,1e-07,1e-07,1e-07,10000,
40,50,0.0480001,0.4,1.02112e-07,1.02104e-07,1e-07,10000,
40,50,0.0480001,0.6,1.8899e-05,1.87722e-05,1.8055e-05,10000,
40,50,0.0480001,0.8,0.00174856,0.00174352,0.000239594,10000,
40,50,0.0480001,1,0.0260025,0.0259738,0.00095489,10000,
40,50,0.0860001,1e-07,1e-07,1e-07,1e-07,10000,
40,50,0.0860001,0.2,1.80027e-06,1.78583e-06,1e-07,10000,
40,50,0.0860001,0.4,0.0104454,0.010431,0.000864933,10000,
40,50,0.0860001,0.6,0.203381,0.20335,0.00426736,10000,
40,50,0.0860001,0.8,0.918299,0.91834,0.0147032,10000,
40,50,0.0860001,1,2.29081,2.2909,0.0377599,10000,
40,50,0.124,1e-07,1e-07,1e-07,1e-07,10000,
40,50,0.124,0.2,0.00491674,0.00490867,0.00071607,10000,
40,50,0.124,0.4,0.389751,0.389752,0.00953283,10000,
40,50,0.124,0.6,1.80067,1.80074,0.042983,10000,
40,50,0.124,0.8,3.99488,3.99489,0.109211,10000,
40,50,0.124,1,6.55178,6.5517,0.208224,10000,
40,50,0.162,1e-07,1e-07,1e-07,1e-07,10000,
40,50,0.162,0.2,0.104713,0.104694,0.0043847,10000,
40,50,0.162,0.4,1.56283,1.56288,0.0491213,10000,
40,50,0.162,0.6,4.15617,4.15614,0.157857,10000,
40,50,0.162,0.8,7.01833,7.01825,0.320367,10000,
40,50,0.162,1,9.79703,9.79698,0.51946,10000,
40,50,0.2,1e-07,1e-07,1e-07,1e-07,10000,
40,50,0.2,0.2,0.463666,0.463686,0.0173895,10000,
40,50,0.2,0.4,3.07027,3.07026,0.138972,10000,
40,50,0.2,0.6,6.23965,6.23958,0.356523,10000,
40,50,0.2,0.8,9.22442,9.22439,0.627079,10000,
40,50,0.2,1,11.9029,11.9029,0.930506,10000,
40.5,50,0.0100001,1e-07,1e-07,1e-07,1e-07,10000,
40.5,50,0.0100001,0.2,1e-07,1e-07,1e-07,10000,
40.5,50,0.0100001,0.4,1e-07,1e-07,1e-07,10000,
40.5,50,0.0100001,0.6,1e-07,1e-07,1e-07,10000,
40.5,50,0.0100001,0.8,1e-07,1e-07,1e-07,10000,
40.5,50,0.0100001,1,1e-07,1e-07,1e-07,10000,
40.5,50,0.0480001,1e-07,1e-07,1e-07,1e-07,10000,
40.5,50,0.0480001,0.2,1e-07,1e-07,1e-07,10000,
40.5,50,0.0480001,0.4,1.30214e-07,1.29545e-07,1e-07,10000,
40.5,50,0.0480001,0.6,0.000101576,0.000101049,7.89323e-05,10000,
40.5,50,0.0480001,0.8,0.00579749,0.00578594,0.000422735,10000,
40.5,50,0.0480001,1,0.0643575,0.0643159,0.00148758,10000,
40.5,50,0.0860001,1e-07,1e-07,1e-07,1e-07,10000,
40.5,50,0.0860001,0.2,9.8264e-06,9.75972e-06,1.43099e-05,10000,
40.5,50,0.0860001,0.4,0.02403,0.0240081,0.00133303,10000,
40.5,50,0.0860001,0.6,0.345359,0.345345,0.00626184,10000,
40.5,50,0.0860001,0.8,1.33971,1.33978,0.021407,10000,
40.5,50,0.0860001,1,3.0511,3.05117,0.0523078,10000,
40.5,50,0.124,1e-07,1e-07,1e-07,1e-07,10000,
40.5,50,0.124,0.2,0.0114131,0.0114002,0.00111614,10000,
40.5,50,0.124,0.4,0.583754,0.583777,0.0135702,10000,
40.5,50,0.124,0.6,2.33049,2.33055,0.0575123,10000,
40.5,50,0.124,0.8,4.80621,4.80618,0.139305,10000,
40.5,50,0.124,1,7.54448,7.54438,0.256909,10000,
40.5,50,0.162,1e-07,1e-07,1e-07,1e-07,10000,
40.5,50,0.162,0.2,0.171947,0.171935,0.00614856,10000,
40.5,50,0.162,0.4,1.98526,1.98531,0.0646009,10000,
40.5,50,0.162,0.6,4.8466,4.84655,0.195481,10000,
40.5,50,0.162,0.8,7.84146,7.84138,0.381341,10000,
40.5,50,0.162,1,10.6686,10.6686,0.602276,10000,
40.5,50,0.2,1e-07,1e-07,1e-07,1e-07,10000,
40.5,50,0.2,0.2,0.643359,0.643391,0.0240736,10000,
40.5,50,0.2,0.4,3.59979,3.59976,0.171913,10000,
40.5,50,0.2,0.6,6.91638,6.91632,0.419471,10000,
40.5,50,0.2,0.8,9.94183,9.94183,0.717099,10000,
40.5,50,0.2,1,12.6143,12.6144,1.04439,10000,
41,50,0.0100001,1e-07,1e-07,1e-07,1e-07,10000,
41,50,0.0100001,0.2,1e-07,1e-07,1e-07,10000,
41,50,0.0100001,0.4,1e-07,1e-07,1e-07,10000,
41,50,0.0100001,0.6,1e-07,1e-07,1e-07,10000,
41,50,0.0100001,0.8,1e-07,1e-07,1e-07,10000,
41,50,0.0100001,1,1e-07,1e-07,1e-07,10000,
41,50,0.0480001,1e-07,1e-07,1e-07,1e-07,10000,
41,50,0.0480001,0.2,1e-07,1e-07,1e-07,10000,
41,50,0.0480001,0.4,4.54954e-07,4.51483e-07,1e-07,10000,
41,50,0.0480001,0.6,0.00048096,0.000479116,0.00013981,10000,
41,50,0.0480001,0.8,0.0174474,0.017425,0.000734196,10000,
41,50,0.0480001,1,0.147502,0.147455,0.002177,10000,
41,50,0.0860001,1e-07,1e-07,1e-07,1e-07,10000,
41,50,0.0860001,0.2,4.92603e-05,4.89959e-05,7.55995e-05,10000,
41,50,0.0860001,0.4,0.051988,0.0519595,0.00192077,10000,
41,50,0.0860001,0.6,0.563099,0.563111,0.00922984,10000,
41,50,0.0860001,0.8,1.8963,1.89638,0.0308874,10000,
41,50,0.0860001,1,3.96734,3.96738,0.0721732,10000,
41,50,0.124,1e-07,1e-07,1e-07,1e-07,10000,
41,50,0.124,0.2,0.0249605,0.0249425,0.00164354,10000,
41,50,0.124,0.4,0.848836,0.848879,0.0195961,10000,
41,50,0.124,0.6,2.95771,2.95774,0.0767874,10000,
41,50,0.124,0.8,5.69859,5.69852,0.176884,10000,
41,50,0.124,1,8.58753,8.58744,0.314299,10000,
41,50,0.162,1e-07,1e-07,1e-07,1e-07,10000,
41,50,0.162,0.2,0.272654,0.272654,0.00871932,10000,
41,50,0.162,0.4,2.47846,2.47849,0.0846647,10000,
41,50,0.162,0.6,5.58707,5.587,0.240719,10000,
41,50,0.162,0.8,8.6863,8.68625,0.450895,10000,
41,50,0.162,1,11.5388,11.5388,0.696004,10000,
41,50,0.2,1e-07,1e-07,1e-07,1e-07,10000,
41,50,0.2,0.2,0.872433,0.872473,0.033015,10000,
41,50,0.2,0.4,4.17271,4.17266,0.211895,10000,
41,50,0.2,0.6,7.60865,7.6086,0.490538,10000,
41,50,0.2,0.8,10.6546,10.6547,0.816516,10000,
41,50,0.2,1,13.3083,13.3084,1.16838,10000,
41.5,50,0.0100001,1e-07,1e-07,1e-07,1e-07,10000,
41.5,50,0.0100001,0.2,1e-07,1e-07,1e-07,10000,
41.5,50,0.0100001,0.4,1e-07,1e-07,1e-07,10000,
41.5,50,0.0100001,0.6,1e-07,1e-07,1e-07,10000,
41.5,50,0.0100001,0.8,1e-07,1e-07,1e-07,10000,
41.5,50,0.0100001,1,1e-07,1e-07,1e-07,10000,
41.5,50,0.0480001,1e-07,1e-07,1e-07,1e-07,10000,
41.5,50,0.0480001,0.2,1e-07,1e-07,1e-07,10000,
41.5,50,0.0480001,0.4,3.54754e-06,3.5193e-06,1e-07,10000,
41.5,50,0.0480001,0.6,0.00200938,0.002004,0.000244275,10000,
41.5,50,0.0480001,0.8,0.0478181,0.0477827,0.00121852,10000,
41.5,50,0.0480001,1,0.313883,0.313849,0.00342167,10000,
41.5,50,0.0860001,1e-07,1e-07,1e-07,1e-07,10000,
41.5,50,0.0860001,0.2,0.000220568,0.000219676,0.000136889,10000,
41.5,50,0.0860001,0.4,0.105996,0.105966,0.00269659,10000,
41.5,50,0.0860001,0.6,0.882789,0.882832,0.0140517,10000,
41.5,50,0.0860001,0.8,2.60688,2.60695,0.0440412,10000,
41.5,50,0.0860001,1,5.04058,5.04057,0.0983089,10000,
41.5,50,0.124,1e-07,1e-07,1e-07,1e-07,10000,
41.5,50,0.124,0.2,0.0515356,0.0515141,0.00229313,10000,
41.5,50,0.124,0.4,1.19952,1.19958,0.02796,10000,
41.5,50,0.124,0.6,3.6834,3.6834,0.101529,10000,
41.5,50,0.124,0.8,6.66218,6.66209,0.222788,10000,
41.5,50,0.124,1,9.66607,9.66601,0.381357,10000,
41.5,50,0.162,1e-07,1e-07,1e-07,1e-07,10000,
41.5,50,0.162,0.2,0.417995,0.418011,0.0126521,10000,
41.5,50,0.162,0.4,3.04273,3.04273,0.109963,10000,
41.5,50,0.162,0.6,6.36951,6.36943,0.293857,10000,
41.5,50,0.162,0.8,9.54282,9.5428,0.529809,10000,
41.5,50,0.162,1,12.3981,12.3982,0.800342,10000,
41.5,50,0.2,1e-07,1e-07,1e-07,1e-07,10000,
41.5,50,0.2,0.2,1.15713,1.15717,0.0447633,10000,
41.5,50,0.2,0.4,4.78376,4.7837,0.259372,10000,
41.5,50,0.2,0.6,8.30919,8.30917,0.570452,10000,
41.5,50,0.2,0.8,11.3564,11.3564,0.926188,10000,
41.5,50,0.2,1,13.9796,13.9797,1.3022,10000,
42,50,0.0100001,1e-07,1e-07,1e-07,1e-07,10000,
42,50,0.0100001,0.2,1e-07,1e-07,1e-07,10000,
42,50,0.0100001,0.4,1e-07,1e-07,1e-07,10000,
42,50,0.0100001,0.6,1e-07,1e-07,1e-07,10000,
42,50,0.0100001,0.8,1e-07,1e-07,1e-07,10000,
42,50,0.0100001,1,1e-07,1e-07,1e-07,10000,
42,50,0.0480001,1e-07,1e-07,1e-07,1e-07,10000,
42,50,0.0480001,0.2,1.00002e-07,1.00002e-07,1e-07,10000,
42,50,0.0480001,0.4,2.79626e-05,2.77887e-05,3.18974e-05,10000,
42,50,0.0480001,0.6,0.00743527,0.00742234,0.000438925,10000,
42,50,0.0480001,0.8,0.119732,0.119689,0.00186161,10000,
42,50,0.0480001,1,0.621741,0.621744,0.00574429,10000,
42,50,0.0860001,1e-07,1e-07,1e-07,1e-07,10000,
42,50,0.0860001,0.2,0.000880953,0.000878395,0.000217684,10000,
42,50,0.0860001,0.4,0.204074,0.204052,0.00400317,10000,
42,50,0.0860001,0.6,1.33251,1.33257,0.021293,10000,
42,50,0.0860001,0.8,3.4841,3.48413,0.0626464,10000,
42,50,0.0860001,1,6.26244,6.26237,0.132788,10000,
42,50,0.124,1e-07,1e-07,1e-07,1e-07,10000,
42,50,0.124,0.2,0.10065,0.10063,0.00324705,10000,
42,50,0.124,0.4,1.64894,1.64899,0.0394204,10000,
42,50,0.124,0.6,4.50411,4.50407,0.132987,10000,
42,50,0.124,0.8,7.68348,7.68339,0.277792,10000,
42,50,0.124,1,10.7632,10.7632,0.459322,10000,
42,50,0.162,1e-07,1e-07,1e-07,1e-07,10000,
42,50,0.162,0.2,0.620252,0.620283,0.0186482,10000,
42,50,0.162,0.4,3.67542,3.67539,0.141633,10000,
42,50,0.162,0.6,7.18399,7.18393,0.356108,10000,
42,50,0.162,0.8,10.4003,10.4003,0.620459,10000,
42,50,0.162,1,13.2369,13.237,0.916303,10000,
42,50,0.2,1e-07,1e-07,1e-07,1e-07,10000,
42,50,0.2,0.2,1.50221,1.50224,0.0606336,10000,
42,50,0.2,0.4,5.42616,5.4261,0.314924,10000,
42,50,0.2,0.6,9.01033,9.01034,0.661517,10000,
42,50,0.2,0.8,12.0407,12.0408,1.04667,10000,
42,50,0.2,1,14.6232,14.6233,1.44658,10000,
42.5,50,0.0100001,1e-07,1e-07,1e-07,1e-07,10000,
42.5,50,0.0100001,0.2,1e-07,1e-07,1e-07,10000,
42.5,50,0.0100001,0.4,1e-07,1e-07,1e-07,10000,
42.5,50,0.0100001,0.6,1e-07,1e-07,1e-07,10000,
42.5,50,0.0100001,0.8,1e-07,1e-07,1e-07,10000,
42.5,50,0.0100001,1,1e-07,1e-07,1e-07,10000,
42.5,50,0.0480001,1e-07,1e-07,1e-07,1e-07,10000,
42.5,50,0.0480001,0.2,1.00089e-07,1.00092e-07,1e-07,10000,
42.5,50,0.0480001,0.4,0.000188638,0.000187792,9.06211e-05,10000,
42.5,50,0.0480001,0.6,0.0244656,0.0244407,0.000821694,10000,
42.5,50,0.0480001,0.8,0.274737,0.274704,0.00301253,10000,
42.5,50,0.0480001,1,1.14916,1.14921,0.0101138,10000,
42.5,50,0.0860001,1e-07,1e-07,1e-07,1e-07,10000,
42.5,50,0.0860001,0.2,0.00314768,0.00314151,0.000397068,10000,
42.5,50,0.0860001,0.4,0.371738,0.371736,0.00628237,10000,
42.5,50,0.0860001,0.6,1.93899,1.93906,0.0318593,10000,
42.5,50,0.0860001,0.8,4.53133,4.53132,0.0878598,10000,
42.5,50,0.0860001,1,7.61407,7.61397,0.177389,10000,
42.5,50,0.124,1e-07,1e-07,1e-07,1e-07,10000,
42.5,50,0.124,0.2,0.186286,0.186274,0.00494365,10000,
42.5,50,0.124,0.4,2.20707,2.20711,0.055468,10000,
42.5,50,0.124,0.6,5.41131,5.41124,0.173265,10000,
42.5,50,0.124,0.8,8.74565,8.74559,0.343127,10000,
42.5,50,0.124,1,11.8604,11.8604,0.550346,10000,
42.5,50,0.162,1e-07,1e-07,1e-07,1e-07,10000,
42.5,50,0.162,0.2,0.891823,0.891864,0.0271435,10000,
42.5,50,0.162,0.4,4.37071,4.37065,0.181591,10000,
42.5,50,0.162,0.6,8.01902,8.01898,0.427669,10000,
42.5,50,0.162,0.8,11.2475,11.2475,0.722517,10000,
42.5,50,0.162,1,14.046,14.0461,1.04396,10000,
42.5,50,0.2,1e-07,1e-07,1e-07,1e-07,10000,
42.5,50,0.2,0.2,1.91024,1.91025,0.0816949,10000,
42.5,50,0.2,0.4,6.09178,6.09173,0.379715,10000,
42.5,50,0.2,0.6,9.70414,9.70418,0.763153,10000,
42.5,50,0.2,0.8,12.7013,12.7014,1.17778,10000,
42.5,50,0.2,1,15.2346,15.2346,1.60177,10000,
43,50,0.0100001,1e-07,1e-07,1e-07,1e-07,10000,
43,50,0.0100001,0.2,1e-07,1e-07,1e-07,10000,
43,50,0.0100001,0.4,1e-07,1e-07,1e-07,10000,
43,50,0.0100001,0.6,1e-07,1e-07,1e-07,10000,
43,50,0.0100001,0.8,1e-07,1e-07,1e-07,10000,
43,50,0.0100001,1,1e-07,1e-07,1e-07,10000,
43,50,0.0480001,1e-07,1e-07,1e-07,1e-07,10000,
43,50,0.0480001,0.2,1.03718e-07,1.04067e-07,1e-07,10000,
43,50,0.0480001,0.4,0.00107463,0.00107138,0.000155834,10000,
43,50,0.0480001,0.6,0.0718682,0.0718319,0.00136148,10000,
43,50,0.0480001,0.8,0.579403,0.579407,0.00530856,10000,
43,50,0.0480001,1,1.98652,1.98661,0.0177436,10000,
43,50,0.0860001,1e-07,1e-07,1e-07,1e-07,10000,
43,50,0.0860001,0.2,0.0100968,0.0100845,0.000718945,10000,
43,50,0.0860001,0.4,0.641857,0.641884,0.0101676,10000,
43,50,0.0860001,0.6,2.72339,2.72344,0.047383,10000,
43,50,0.0860001,0.8,5.7402,5.74013,0.121977,10000,
43,50,0.0860001,1,9.06604,9.06595,0.233556,10000,
43,50,0.124,1e-07,1e-07,1e-07,1e-07,10000,
43,50,0.124,0.2,0.32733,0.327336,0.00770418,10000,
43,50,0.124,0.4,2.87892,2.87893,0.0774756,10000,
43,50,0.124,0.6,6.39125,6.39117,0.222887,10000,
43,50,0.124,0.8,9.82902,9.829,0.420353,10000,
43,50,0.124,1,12.9383,12.9384,0.65502,10000,
43,50,0.162,1e-07,1e-07,1e-07,1e-07,10000,
43,50,0.162,0.2,1.24383,1.24386,0.0390211,10000,
43,50,0.162,0.4,5.11945,5.11939,0.23024,10000,
43,50,0.162,0.6,8.86182,8.86182,0.511621,10000,
43,50,0.162,0.8,12.0732,12.0733,0.837159,10000,
43,50,0.162,1,14.8162,14.8163,1.18414,10000,
43,50,0.2,1e-07,1e-07,1e-07,1e-07,10000,
43,50,0.2,0.2,2.38098,2.38097,0.108693,10000,
43,50,0.2,0.4,6.77132,6.77129,0.453969,10000,
43,50,0.2,0.6,10.3826,10.3827,0.876544,10000,
43,50,0.2,0.8,13.3324,13.3325,1.32043,10000,
43,50,0.2,1,15.8094,15.8095,1.76702,10000,
43.5,50,0.0100001,1e-07,1e-07,1e-07,1e-07,10000,
43.5,50,0.0100001,0.2,1e-07,1e-07,1e-07,10000,
43.5,50,0.0100001,0.4,1e-07,1e-07,1e-07,10000,
43.5,50,0.0100001,0.6,1e-07,1e-07,1e-07,10000,
43.5,50,0.0100001,0.8,1e-07,1e-07,1e-07,10000,
43.5,50,0.0100001,1,1e-07,1e-07,1e-07,10000,
43.5,50,0.0480001,1e-07,1e-07,1e-07,1e-07,10000,
43.5,50,0.0480001,0.2,2.10704e-07,2.09396e-07,1e-07,10000,
43.5,50,0.0480001,0.4,0.00518753,0.00517787,0.000328684,10000,
43.5,50,0.0480001,0.6,0.18918,0.189146,0.00223716,10000,
43.5,50,0.0480001,0.8,1.12622,1.12627,0.00989079,10000,
43.5,50,0.0480001,1,3.21897,3.21904,0.0305632,10000,
43.5,50,0.0860001,1e-07,1e-07,1e-07,1e-07,10000,
43.5,50,0.0860001,0.2,0.0291784,0.029159,0.00121899,10000,
43.5,50,0.0860001,0.4,1.05236,1.05241,0.0166721,10000,
43.5,50,0.0860001,0.6,3.69643,3.69643,0.0697659,10000,
43.5,50,0.0860001,0.8,7.0888,7.08871,0.167069,10000,
43.5,50,0.0860001,1,10.5791,10.579,0.30297,10000,
43.5,50,0.124,1e-07,1e-07,1e-07,1e-07,10000,
43.5,50,0.124,0.2,0.546986,0.547013,0.0124867,10000,
43.5,50,0.124,0.4,3.66283,3.66281,0.106672,10000,
43.5,50,0.124,0.6,7.42515,7.42509,0.283598,10000,
43.5,50,0.124,0.8,10.9118,10.9118,0.511577,10000,
43.5,50,0.124,1,13.9773,13.9774,0.774084,10000,
43.5,50,0.162,1e-07,1e-07,1e-07,1e-07,10000,
43.5,50,0.162,0.2,1.6844,1.68443,0.0560158,10000,
43.5,50,0.162,0.4,5.90934,5.90929,0.28912,10000,
43.5,50,0.162,0.6,9.69873,9.69877,0.607966,10000,
43.5,50,0.162,0.8,12.8663,12.8664,0.964464,10000,
43.5,50,0.162,1,15.5393,15.5394,1.33679,10000,
43.5,50,0.2,1e-07,1e-07,1e-07,1e-07,10000,
43.5,50,0.2,0.2,2.91084,2.91081,0.143683,10000,
43.5,50,0.2,0.4,7.45456,7.45456,0.540765,10000,
43.5,50,0.2,0.6,11.0378,11.0379,1.00177,10000,
43.5,50,0.2,0.8,13.9284,13.9284,1.47453,10000,
43.5,50,0.2,1,16.3439,16.3439,1.94263,10000,
44,50,0.0100001,1e-07,1e-07,1e-07,1e-07,10000,
44,50,0.0100001,0.2,1e-07,1e-07,1e-07,10000,
44,50,0.0100001,0.4,1e-07,1e-07,1e-07,10000,
44,50,0.0100001,0.6,1e-07,1e-07,1e-07,10000,
44,50,0.0100001,0.8,1e-07,1e-07,1e-07,10000,
44,50,0.0100001,1,1.00001e-07,1.00001e-07,1e-07,10000,
44,50,0.0480001,1e-07,1e-07,1e-07,1e-07,10000,
44,50,0.0480001,0.2,2.48461e-06,2.46508e-06,1e-07,10000,
44,50,0.0480001,0.4,0.0213287,0.0213075,0.000694116,10000,
44,50,0.0480001,0.6,0.447856,0.447852,0.00419023,10000,
44,50,0.0480001,0.8,2.02308,2.02316,0.0181937,10000,
44,50,0.0480001,1,4.89984,4.89983,0.0519284,10000,
44,50,0.0860001,1e-07,1e-07,1e-07,1e-07,10000,
44,50,0.0860001,0.2,0.0762262,0.0762041,0.00191536,10000,
44,50,0.0860001,0.4,1.64115,1.64121,0.0268847,10000,
44,50,0.0860001,0.6,4.85379,4.85374,0.101108,10000,
44,50,0.0860001,0.8,8.5414,8.54132,0.225047,10000,
44,50,0.0860001,1,12.1059,12.106,0.389464,10000,
44,50,0.124,1e-07,1e-07,1e-07,1e-07,10000,
44,50,0.124,0.2,0.870695,0.870736,0.0200916,10000,
44,50,0.124,0.4,4.54918,4.54912,0.145762,10000,
44,50,0.124,0.6,8.48977,8.48975,0.356663,10000,
44,50,0.124,0.8,11.9708,11.9709,0.617908,10000,
44,50,0.124,1,14.958,14.9581,0.908568,10000,
44,50,0.162,1e-07,1e-07,1e-07,1e-07,10000,
44,50,0.162,0.2,2.21696,2.21696,0.0794919,10000,
44,50,0.162,0.4,6.72524,6.72521,0.358939,10000,
44,50,0.162,0.6,10.5156,10.5157,0.718088,10000,
44,50,0.162,0.8,13.616,13.6161,1.10554,10000,
44,50,0.162,1,16.2074,16.2074,1.50161,10000,
44,50,0.2,1e-07,1e-07,1e-07,1e-07,10000,
44,50,0.2,0.2,3.49263,3.49258,0.188105,10000,
44,50,0.2,0.4,8.13069,8.13073,0.63992,10000,
44,50,0.2,0.6,11.6622,11.6623,1.13962,10000,
44,50,0.2,0.8,14.4841,14.4841,1.63961,10000,
44,50,0.2,1,16.8347,16.8346,2.12834,10000,
44.5,50,0.0100001,1e-07,1e-07,1e-07,1e-07,10000,
44.5,50,0.0100001,0.2,1e-07,1e-07,1e-07,10000,
44.5,50,0.0100001,0.4,1e-07,1e-07,1e-07,10000,
44.5,50,0.0100001,0.6,1e-07,1e-07,1e-07,10000,
44.5,50,0.0100001,0.8,1e-07,1e-07,1e-07,10000,
44.5,50,0.0100001,1,1.04479e-07,1.04509e-07,1e-07,10000,
44.5,50,0.0480001,1e-07,1e-07,1e-07,1e-07,10000,
44.5,50,0.0480001,0.2,3.76475e-05,3.7435e-05,3.62633e-05,10000,
44.5,50,0.0480001,0.4,0.0750799,0.0750486,0.0012477,10000,
44.5,50,0.0480001,0.6,0.956822,0.956869,0.00837938,10000,
44.5,50,0.0480001,0.8,3.36722,3.36727,0.0329699,10000,
44.5,50,0.0480001,1,7.0207,7.02062,0.0860732,10000,
44.5,50,0.0860001,1e-07,1e-07,1e-07,1e-07,10000,
44.5,50,0.0860001,0.2,0.180607,0.180594,0.00332024,10000,
44.5,50,0.0860001,0.4,2.43838,2.43841,0.0430475,10000,
44.5,50,0.0860001,0.6,6.17272,6.17264,0.144409,10000,
44.5,50,0.0860001,0.8,10.0495,10.0495,0.29845,10000,
44.5,50,0.0860001,1,13.594,13.5941,0.494715,10000,
44.5,50,0.124,1e-07,1e-07,1e-07,1e-07,10000,
44.5,50,0.124,0.2,1.32233,1.32237,0.0317983,10000,
44.5,50,0.124,0.4,5.51973,5.51966,0.195942,10000,
44.5,50,0.124,0.6,9.55839,9.55841,0.445304,10000,
44.5,50,0.124,0.8,12.9827,12.9828,0.740031,10000,
44.5,50,0.124,1,15.8623,15.8624,1.05855,10000,
44.5,50,0.162,1e-07,1e-07,1e-07,1e-07,10000,
44.5,50,0.162,0.2,2.83855,2.83853,0.111344,10000,
44.5,50,0.162,0.4,7.5497,7.5497,0.443063,10000,
44.5,50,0.162,0.6,11.2984,11.2985,0.842331,10000,
44.5,50,0.162,0.8,14.3124,14.3124,1.2599,10000,
44.5,50,0.162,1,16.8138,16.8137,1.67866,10000,
44.5,50,0.2,1e-07,1e-07,1e-07,1e-07,10000,
44.5,50,0.2,0.2,4.11549,4.11545,0.243128,10000,
44.5,50,0.2,0.4,8.78864,8.7887,0.752814,10000,
44.5,50,0.2,0.6,12.2485,12.2485,1.29022,10000,
44.5,50,0.2,0.8,14.9951,14.9951,1.81597,10000,
44.5,50,0.2,1,17.2789,17.2788,2.32442,10000,
45,50,0.0100001,1e-07,1e-07,1e-07,1e-07,10000,
45,50,0.0100001,0.2,1e-07,1e-07,1e-07,10000,
45,50,0.0100001,0.4,1e-07,1e-07,1e-07,10000,
45,50,0.0100001,0.6,1e-07,1e-07,1e-07,10000,
45,50,0.0100001,0.8,1.00042e-07,1.00043e-07,1e-07,10000,
45,50,0.0100001,1,4.18356e-06,4.14915e-06,1e-07,10000,
45,50,0.0480001,1e-07,1e-07,1e-07,1e-07,10000,
45,50,0.0480001,0.2,0.000436658,0.000435129,9.22904e-05,10000,
45,50,0.0480001,0.4,0.227412,0.227391,0.00238669,10000,
45,50,0.0480001,0.6,1.85097,1.85104,0.0166721,10000,
45,50,0.0480001,0.8,5.20567,5.20563,0.0582801,10000,
45,50,0.0480001,1,9.48788,9.48779,0.137891,10000,
45,50,0.0860001,1e-07,1e-07,1e-07,1e-07,10000,
45,50,0.0860001,0.2,0.389328,0.38934,0.00617628,10000,
45,50,0.0860001,0.4,3.45703,3.45701,0.0675886,10000,
45,50,0.0860001,0.6,7.61059,7.61053,0.20192,10000,
45,50,0.0860001,0.8,11.5546,11.5547,0.390987,10000,
45,50,0.0860001,1,14.9886,14.9887,0.620341,10000,
45,50,0.124,1e-07,1e-07,1e-07,1e-07,10000,
45,50,0.124,0.2,1.91891,1.91893,0.0501362,10000,
45,50,0.124,0.4,6.54785,6.54781,0.259223,10000,
45,50,0.124,0.6,10.602,10.6021,0.550733,10000,
45,50,0.124,0.8,13.9245,13.9245,0.879312,10000,
45,50,0.124,1,16.6735,16.6735,1.22403,10000,
45,50,0.162,1e-07,1e-07,1e-07,1e-07,10000,
45,50,0.162,0.2,3.53874,3.5387,0.154174,10000,
45,50,0.162,0.4,8.36365,8.36369,0.542176,10000,
45,50,0.162,0.6,12.0334,12.0335,0.981912,10000,
45,50,0.162,0.8,14.9464,14.9464,1.42767,10000,
45,50,0.162,1,17.3524,17.3524,1.86819,10000,
45,50,0.2,1e-07,1e-07,1e-07,1e-07,10000,
45,50,0.2,0.2,4.76517,4.76515,0.310095,10000,
45,50,0.2,0.4,9.41739,9.41746,0.879671,10000,
45,50,0.2,0.6,12.7901,12.7902,1.4532,10000,
45,50,0.2,0.8,15.4573,15.4573,2.00345,10000,
45,50,0.2,1,17.674,17.6739,2.53108,10000,
45.5,50,0.0100001,1e-07,1e-07,1e-07,1e-07,10000,
45.5,50,0.0100001,0.2,1e-07,1e-07,1e-07,10000,
45.5,50,0.0100001,0.4,1e-07,1e-07,1e-07,10000,
45.5,50,0.0100001,0.6,1e-07,1e-07,1e-07,10000,
45.5,50,0.0100001,0.8,2.644e-07,2.62864e-07,1e-07,10000,
45.5,50,0.0100001,1,0.00101166,0.00100817,4.19755e-05,10000,
45.5,50,0.0480001,1e-07,1e-07,1e-07,1e-07,10000,
45.5,50,0.0480001,0.2,0.00378462,0.00377759,0.000236542,10000,
45.5,50,0.0480001,0.4,0.595562,0.595584,0.00521796,10000,
45.5,50,0.0480001,0.6,3.25256,3.25259,0.0326046,10000,
45.5,50,0.0480001,0.8,7.4931,7.49301,0.100013,10000,
45.5,50,0.0480001,1,12.1163,12.1163,0.21358,10000,
45.5,50,0.0860001,1e-07,1e-07,1e-07,1e-07,10000,
45.5,50,0.0860001,0.2,0.765885,0.765924,0.0120546,10000,
45.5,50,0.0860001,0.4,4.68388,4.68382,0.104374,10000,
45.5,50,0.0860001,0.6,9.10624,9.10623,0.277298,10000,
45.5,50,0.0860001,0.8,12.9923,12.9924,0.50486,10000,
45.5,50,0.0860001,1,16.2366,16.2366,0.767429,10000,
45.5,50,0.124,1e-07,1e-07,1e-07,1e-07,10000,
45.5,50,0.124,0.2,2.66467,2.66465,0.0773152,10000,
45.5,50,0.124,0.4,7.59959,7.5996,0.339208,10000,
45.5,50,0.124,0.6,11.5908,11.5909,0.674048,10000,
45.5,50,0.124,0.8,14.7748,14.7748,1.03532,10000,
45.5,50,0.124,1,17.3772,17.3771,1.40516,10000,
45.5,50,0.162,1e-07,1e-07,1e-07,1e-07,10000,
45.5,50,0.162,0.2,4.29916,4.29912,0.209724,10000,
45.5,50,0.162,0.4,9.14727,9.14733,0.657667,10000,
45.5,50,0.162,0.6,12.7079,12.7079,1.13631,10000,
45.5,50,0.162,0.8,15.51,15.51,1.60886,10000,
45.5,50,0.162,1,17.8186,17.8185,2.07054,10000,
45.5,50,0.2,1e-07,1e-07,1e-07,1e-07,10000,
45.5,50,0.2,0.2,5.42459,5.42459,0.392515,10000,
45.5,50,0.2,0.4,10.0063,10.0064,1.02173,10000,
45.5,50,0.2,0.6,13.2812,13.2812,1.62865,10000,
45.5,50,0.2,0.8,15.8674,15.8674,2.2023,10000,
45.5,50,0.2,1,18.0183,18.0182,2.74829,10000,
46,50,0.0100001,1e-07,1e-07,1e-07,1e-07,10000,
46,50,0.0100001,0.2,1e-07,1e-07,1e-07,10000,
46,50,0.0100001,0.4,1e-07,1e-07,1e-07,10000,
46,50,0.0100001,0.6,1.0071e-07,1.00691e-07,1e-07,10000,
46,50,0.0100001,0.8,0.000130819,0.000130147,1.98188e-05,10000,
46,50,0.0100001,1,0.0709857,0.0709412,0.00031768,10000,
46,50,0.0480001,1e-07,1e-07,1e-07,1e-07,10000,
46,50,0.0480001,0.2,0.0246908,0.0246721,0.000621408,10000,
46,50,0.0480001,0.4,1.35479,1.35485,0.0120374,10000,
46,50,0.0480001,0.6,5.2077,5.20764,0.0616441,10000,
46,50,0.0480001,0.8,10.0651,10.0651,0.164248,10000,
46,50,0.0480001,1,14.6477,14.6478,0.320788,10000,
46,50,0.0860001,1e-07,1e-07,1e-07,1e-07,10000,
46,50,0.0860001,0.2,1.37891,1.37895,0.0229855,10000,
46,50,0.0860001,0.4,6.07344,6.07338,0.156807,10000,
46,50,0.0860001,0.6,10.5841,10.5842,0.37477,10000,
46,50,0.0860001,0.8,14.297,14.297,0.642016,10000,
46,50,0.0860001,1,17.2901,17.2901,0.936141,10000,
46,50,0.124,1e-07,1e-07,1e-07,1e-07,10000,
46,50,0.124,0.2,3.54579,3.54574,0.117416,10000,
46,50,0.124,0.4,8.63563,8.63568,0.438225,10000,
46,50,0.124,0.6,12.4957,12.4958,0.816511,10000,
46,50,0.124,0.8,15.5147,15.5146,1.20837,10000,
46,50,0.124,1,17.9616,17.9615,1.60264,10000,
46,50,0.162,1e-07,1e-07,1e-07,1e-07,10000,
46,50,0.162,0.2,5.09397,5.09396,0.280503,10000,
46,50,0.162,0.4,9.88082,9.88088,0.790775,10000,
46,50,0.162,0.6,13.3102,13.3102,1.30578,10000,
46,50,0.162,0.8,15.9966,15.9966,1.80396,10000,
46,50,0.162,1,18.2084,18.2083,2.28588,10000,
46,50,0.2,1e-07,1e-07,1e-07,1e-07,10000,
46,50,0.2,0.2,6.07463,6.07466,0.491711,10000,
46,50,0.2,0.4,10.5456,10.5456,1.17833,10000,
46,50,0.2,0.6,13.7167,13.7166,1.81682,10000,
46,50,0.2,0.8,16.2228,16.2227,2.41281,10000,
46,50,0.2,1,18.3103,18.3103,2.97652,10000,
46.5,50,0.0100001,1e-07,1e-07,1e-07,1e-07,10000,
46.5,50,0.0100001,0.2,1e-07,1e-07,1e-07,10000,
46.5,50,0.0100001,0.4,1e-07,1e-07,1e-07,10000,
46.5,50,0.0100001,0.6,4.15394e-06,4.12079e-06,1e-07,10000,
46.5,50,0.0100001,0.8,0.0222572,0.0222312,0.000171154,10000,
46.5,50,0.0100001,1,1.46904,1.46911,0.00264168,10000,
46.5,50,0.0480001,1e-07,1e-07,1e-07,1e-07,10000,
46.5,50,0.0480001,0.2,0.122319,0.122299,0.00138564,10000,
46.5,50,0.0480001,0.4,2.68894,2.68897,0.0268877,10000,
46.5,50,0.0480001,0.6,7.61969,7.61963,0.111321,10000,
46.5,50,0.0480001,0.8,12.6445,12.6446,0.260139,10000,
46.5,50,0.0480001,1,16.7929,16.7929,0.464054,10000,
46.5,50,0.0860001,1e-07,1e-07,1e-07,1e-07,10000,
46.5,50,0.0860001,0.2,2.27849,2.27849,0.0430607,10000,
46.5,50,0.0860001,0.4,7.54733,7.54733,0.229419,10000,
46.5,50,0.0860001,0.6,11.9608,11.9609,0.497103,10000,
46.5,50,0.0860001,0.8,15.4073,15.4073,0.802702,10000,
46.5,50,0.0860001,1,18.1095,18.1094,1.12779,10000,
46.5,50,0.124,1e-07,1e-07,1e-07,1e-07,10000,
46.5,50,0.124,0.2,4.52735,4.52731,0.173374,10000,
46.5,50,0.124,0.4,9.6139,9.61397,0.558325,10000,
46.5,50,0.124,0.6,13.29,13.29,0.977951,10000,
46.5,50,0.124,0.8,16.1282,16.1281,1.39918,10000,
46.5,50,0.124,1,18.4177,18.4176,1.81715,10000,
46.5,50,0.162,1e-07,1e-07,1e-07,1e-07,10000,
46.5,50,0.162,0.2,5.89128,5.8913,0.370579,10000,
46.5,50,0.162,0.4,10.5456,10.5456,0.941568,10000,
46.5,50,0.162,0.6,13.8304,13.8304,1.49063,10000,
46.5,50,0.162,0.8,16.4009,16.4009,2.0133,10000,
46.5,50,0.162,1,18.5193,18.5193,2.51447,10000,
46.5,50,0.2,1e-07,1e-07,1e-07,1e-07,10000,
46.5,50,0.2,0.2,6.69517,6.69522,0.609226,10000,
46.5,50,0.2,0.4,11.0264,11.0263,1.34972,10000,
46.5,50,0.2,0.6,14.0923,14.0923,2.01807,10000,
46.5,50,0.2,0.8,16.5213,16.5213,2.63539,10000,
46.5,50,0.2,1,18.5493,18.5494,3.21535,10000,
47,50,0.0100001,1e-07,1e-07,1e-07,1e-07,10000,
47,50,0.0100001,0.2,1e-07,1e-07,1e-07,10000,
47,50,0.0100001,0.4,1.03662e-07,1.0386e-07,1e-07,10000,
47,50,0.0100001,0.6,0.00310341,0.00309601,6.2082e-05,10000,
47,50,0.0100001,0.8,0.851915,0.851948,0.00153527,10000,
47,50,0.0100001,1,9.31856,9.31846,0.0273867,10000,
47,50,0.0480001,1e-07,1e-07,1e-07,1e-07,10000,
47,50,0.0480001,0.2,0.464119,0.464138,0.00403352,10000,
47,50,0.0480001,0.4,4.67638,4.67632,0.0574652,10000,
47,50,0.0480001,0.6,10.2172,10.2172,0.191279,10000,
47,50,0.0480001,0.8,14.8877,14.8877,0.394617,10000,
47,50,0.0480001,1,18.2882,18.2881,0.646029,10000,
47,50,0.0860001,1e-07,1e-07,1e-07,1e-07,10000,
47,50,0.0860001,0.2,3.46465,3.4646,0.0779948,10000,
47,50,0.0860001,0.4,9.00035,9.00041,0.328313,10000,
47,50,0.0860001,0.6,13.1536,13.1536,0.645914,10000,
47,50,0.0860001,0.8,16.2712,16.2711,0.988119,10000,
47,50,0.0860001,1,18.6657,18.6657,1.34373,10000,
47,50,0.124,1e-07,1e-07,1e-07,1e-07,10000,
47,50,0.124,0.2,5.55391,5.55391,0.250228,10000,
47,50,0.124,0.4,10.4927,10.4927,0.700992,10000,
47,50,0.124,0.6,13.9505,13.9504,1.15905,10000,
47,50,0.124,0.8,16.603,16.603,1.6085,10000,
47,50,0.124,1,18.7396,18.7397,2.04928,10000,
47,50,0.162,1e-07,1e-07,1e-07,1e-07,10000,
47,50,0.162,0.2,6.65536,6.6554,0.482309,10000,
47,50,0.162,0.4,11.1247,11.1247,1.11026,10000,
47,50,0.162,0.6,14.2606,14.2606,1.69146,10000,
47,50,0.162,0.8,16.7191,16.7191,2.23721,10000,
47,50,0.162,1,18.7497,18.7498,2.75705,10000,
47,50,0.2,1e-07,1e-07,1e-07,1e-07,10000,
47,50,0.2,0.2,7.26622,7.26626,0.746687,10000,
47,50,0.2,0.4,11.441,11.4409,1.5363,10000,
47,50,0.2,0.6,14.4049,14.4048,2.23264,10000,
47,50,0.2,0.8,16.7617,16.7618,2.86972,10000,
47,50,0.2,1,18.7348,18.7348,3.46571,10000,
47.5,50,0.0100001,1e-07,1e-07,1e-07,1e-07,10000,
47.5,50,0.0100001,0.2,1e-07,1e-07,1e-07,10000,
47.5,50,0.0100001,0.4,5.88869e-05,5.85595e-05,1.13212e-05,10000,
47.5,50,0.0100001,0.6,0.339137,0.339117,0.000694824,10000,
47.5,50,0.0100001,0.8,7.68093,7.68083,0.0213219,10000,
47.5,50,0.0100001,1,18.8039,18.8038,0.158844,10000,
47.5,50,0.0480001,1e-07,1e-07,1e-07,1e-07,10000,
47.5,50,0.0480001,0.2,1.35998,1.36002,0.0125218,10000,
47.5,50,0.0480001,0.4,7.15556,7.15553,0.114649,10000,
47.5,50,0.0480001,0.6,12.5895,12.5895,0.312358,10000,
47.5,50,0.0480001,0.8,16.4617,16.4616,0.571131,10000,
47.5,50,0.0480001,1,18.9497,18.9498,0.871379,10000,
47.5,50,0.0860001,1e-07,1e-07,1e-07,1e-07,10000,
47.5,50,0.0860001,0.2,4.86061,4.86058,0.134622,10000,
47.5,50,0.0860001,0.4,10.3131,10.3132,0.457404,10000,
47.5,50,0.0860001,0.6,14.0888,14.0888,0.822175,10000,
47.5,50,0.0860001,0.8,16.85,16.8499,1.20016,10000,
47.5,50,0.0860001,1,18.9424,18.9424,1.58518,10000,
47.5,50,0.124,1e-07,1e-07,1e-07,1e-07,10000,
47.5,50,0.124,0.2,6.55412,6.55417,0.353272,10000,
47.5,50,0.124,0.4,11.2336,11.2336,0.866459,10000,
47.5,50,0.124,0.6,14.4587,14.4587,1.36091,10000,
47.5,50,0.124,0.8,16.931,16.931,1.83717,10000,
47.5,50,0.124,1,18.9246,18.9246,2.29915,10000,
47.5,50,0.162,1e-07,1e-07,1e-07,1e-07,10000,
47.5,50,0.162,0.2,7.3495,7.34953,0.617765,10000,
47.5,50,0.162,0.4,11.6039,11.6038,1.29754,10000,
47.5,50,0.162,0.6,14.5947,14.5947,1.90876,10000,
47.5,50,0.162,0.8,16.9489,16.949,2.47646,10000,
47.5,50,0.162,1,18.8993,18.8993,3.01316,10000,
47.5,50,0.2,1e-07,1e-07,1e-07,1e-07,10000,
47.5,50,0.2,0.2,7.76905,7.76905,0.903889,10000,
47.5,50,0.2,0.4,11.7834,11.7833,1.73866,10000,
47.5,50,0.2,0.6,14.652,14.652,2.46078,10000,
47.5,50,0.2,0.8,16.9433,16.9434,3.11672,10000,
47.5,50,0.2,1,18.867,18.867,3.72701,10000,
48,50,0.0100001,1e-07,1e-07,1e-07,1e-07,10000,
48,50,0.0100001,0.2,1.00422e-07,1.00417e-07,1e-07,10000,
48,50,0.0100001,0.4,0.0542085,0.0541781,0.000221528,10000,
48,50,0.0100001,0.6,5.61977,5.6197,0.0141749,10000,
48,50,0.0100001,0.8,17.0623,17.0623,0.150815,10000,
48,50,0.0100001,1,12.5094,12.5094,0.484584,10000,
48,50,0.0480001,1e-07,1e-07,1e-07,1e-07,10000,
48,50,0.0480001,0.2,3.10212,3.10209,0.0366482,10000,
48,50,0.0480001,0.4,9.6716,9.67167,0.213769,10000,
48,50,0.0480001,0.6,14.2924,14.2923,0.480301,10000,
48,50,0.0480001,0.8,17.1275,17.1276,0.795232,10000,
48,50,0.0480001,1,18.7109,18.7108,1.14332,10000,
48,50,0.0860001,1e-07,1e-07,1e-07,1e-07,10000,
48,50,0.0860001,0.2,6.30695,6.30698,0.223072,10000,
48,50,0.0860001,0.4,11.3689,11.3689,0.618549,10000,
48,50,0.0860001,0.6,14.7097,14.7097,1.02818,10000,
48,50,0.0860001,0.8,17.121,17.121,1.44028,10000,
48,50,0.0860001,1,18.9358,18.9358,1.85279,10000,
48,50,0.124,1e-07,1e-07,1e-07,1e-07,10000,
48,50,0.124,0.2,7.44922,7.44925,0.486123,10000,
48,50,0.124,0.4,11.8049,11.8048,1.05608,10000,
48,50,0.124,0.6,14.802,14.802,1.58453,10000,
48,50,0.124,0.8,17.1078,17.1078,2.08543,10000,
48,50,0.124,1,18.9729,18.973,2.56688,10000,
48,50,0.162,1e-07,1e-07,1e-07,1e-07,10000,
48,50,0.162,0.2,7.93912,7.9391,0.777354,10000,
48,50,0.162,0.4,11.9719,11.9719,1.50431,10000,
48,50,0.162,0.6,14.8288,14.8289,2.14336,10000,
48,50,0.162,0.8,17.0894,17.0894,2.73068,10000,
48,50,0.162,1,18.9687,18.9687,3.28249,10000,
48,50,0.2,1e-07,1e-07,1e-07,1e-07,10000,
48,50,0.2,0.2,8.18726,8.18723,1.0815,10000,
48,50,0.2,0.4,12.049,12.049,1.9572,10000,
48,50,0.2,0.6,14.8325,14.8326,2.70323,10000,
48,50,0.2,0.8,17.0661,17.066,3.37585,10000,
48,50,0.2,1,18.9465,18.9465,3.9989,10000,
48.5,50,0.0100001,1e-07,1e-07,1e-07,1e-07,10000,
48.5,50,0.0100001,0.2,0.000249527,0.000248531,1.64119e-05,10000,
48.5,50,0.0100001,0.4,3.13386,3.13387,0.00674848,10000,
48.5,50,0.0100001,0.6,14.9644,14.9645,0.13766,10000,
48.5,50,0.0100001,0.8,9.75087,9.75081,0.492024,10000,
48.5,50,0.0100001,1,2.8395,2.8396,0.943878,10000,
48.5,50,0.0480001,1e-07,1e-07,1e-07,1e-07,10000,
48.5,50,0.0480001,0.2,5.55052,5.55052,0.0951203,10000,
48.5,50,0.0480001,0.4,11.5912,11.5911,0.366895,10000,
48.5,50,0.0480001,0.6,14.9871,14.9872,0.70176,10000,
48.5,50,0.0480001,0.8,16.7997,16.7996,1.07078,10000,
48.5,50,0.0480001,1,17.6318,17.6317,1.45916,10000,
48.5,50,0.0860001,1e-07,1e-07,1e-07,1e-07,10000,
48.5,50,0.0860001,0.2,7.5872,7.58723,0.351904,10000,
48.5,50,0.0860001,0.4,12.0715,12.0715,0.814406,10000,
48.5,50,0.0860001,0.6,14.9822,14.9823,1.2661,10000,
48.5,50,0.0860001,0.8,17.079,17.079,1.70956,10000,
48.5,50,0.0860001,1,18.655,18.6549,2.14596,10000,
48.5,50,0.124,1e-07,1e-07,1e-07,1e-07,10000,
48.5,50,0.124,0.2,8.16367,8.16364,0.650231,10000,
48.5,50,0.124,0.4,12.1831,12.1831,1.27151,10000,
48.5,50,0.124,0.6,14.9734,14.9734,1.83054,10000,
48.5,50,0.124,0.8,17.1337,17.1337,2.35369,10000,
48.5,50,0.124,1,18.8878,18.8878,2.85317,10000,
48.5,50,0.162,1e-07,1e-07,1e-07,1e-07,10000,
48.5,50,0.162,0.2,8.39475,8.3947,0.962356,10000,
48.5,50,0.162,0.4,12.2214,12.2214,1.73155,10000,
48.5,50,0.162,0.6,14.9613,14.9613,2.39499,10000,
48.5,50,0.162,0.8,17.1413,17.1414,2.99982,10000,
48.5,50,0.162,1,18.9594,18.9594,3.56603,10000,
48.5,50,0.2,1e-07,1e-07,1e-07,1e-07,10000,
48.5,50,0.2,0.2,8.50773,8.50768,1.28084,10000,
48.5,50,0.2,0.4,12.2349,12.2349,2.19279,10000,
48.5,50,0.2,0.6,14.9459,14.9459,2.95952,10000,
48.5,50,0.2,0.8,17.1305,17.1305,3.64662,10000,
48.5,50,0.2,1,18.9742,18.9743,4.28208,10000,
49,50,0.0100001,1e-07,1e-07,1e-07,1e-07,10000,
49,50,0.0100001,0.2,0.651082,0.651116,0.00116817,10000,
49,50,0.0100001,0.4,12.3582,12.3583,0.117586,10000,
49,50,0.0100001,0.6,6.77115,6.77107,0.496464,10000,
49,50,0.0100001,0.8,1.49454,1.49462,0.963209,10000,
49,50,0.0100001,1,0.227314,0.227266,1.43909,10000,
49,50,0.0480001,1e-07,1e-07,1e-07,1e-07,10000,
49,50,0.0480001,0.2,7.84798,7.84799,0.215566,10000,
49,50,0.0480001,0.4,12.3629,12.363,0.582996,10000,
49,50,0.0480001,0.6,14.5513,14.5512,0.981785,10000,
49,50,0.0480001,0.8,15.5625,15.5625,1.39415,10000,
49,50,0.0480001,1,15.8792,15.8793,1.81316,10000,
49,50,0.0860001,1e-07,1e-07,1e-07,1e-07,10000,
49,50,0.0860001,0.2,8.48155,8.4815,0.52583,10000,
49,50,0.0860001,0.4,12.3599,12.36,1.04846,10000,
49,50,0.0860001,0.6,14.8976,14.8976,1.53733,10000,
49,50,0.0860001,0.8,16.7358,16.7357,2.0066,10000,
49,50,0.0860001,1,18.1203,18.1202,2.46308,10000,
49,50,0.124,1e-07,1e-07,1e-07,1e-07,10000,
49,50,0.124,0.2,8.63613,8.6361,0.848333,10000,
49,50,0.124,0.4,12.3551,12.3551,1.51397,10000,
49,50,0.124,0.6,14.9725,14.9725,2.09963,10000,
49,50,0.124,0.8,17.0124,17.0124,2.6422,10000,
49,50,0.124,1,18.6751,18.675,3.15611,10000,
49,50,0.162,1e-07,1e-07,1e-07,1e-07,10000,
49,50,0.162,0.2,8.69451,8.6945,1.17479,10000,
49,50,0.162,0.4,12.3484,12.3484,1.97953,10000,
49,50,0.162,0.6,14.9926,14.9926,2.66407,10000,
49,50,0.162,0.8,17.1064,17.1064,3.28469,10000,
49,50,0.162,1,18.874,18.874,3.86344,10000,
49,50,0.2,1e-07,1e-07,1e-07,1e-07,10000,
49,50,0.2,0.2,8.72121,8.72122,1.50298,10000,
49,50,0.2,0.4,12.3399,12.3399,2.44509,10000,
49,50,0.2,0.6,14.9928,14.9929,3.22951,10000,
49,50,0.2,0.8,17.1378,17.1379,3.93026,10000,
49,50,0.2,1,18.9515,18.9516,4.5764,10000,
49.5,50,0.0100001,1e-07,1e-07,1e-07,1e-07,10000,
49.5,50,0.0100001,0.2,8.83106,8.83111,0.0862465,10000,
49.5,50,0.0100001,0.4,3.6055,3.60549,0.498164,10000,
49.5,50,0.0100001,0.6,0.549396,0.549401,0.978738,10000,
49.5,50,0.0100001,0.8,0.0639495,0.0639085,1.46082,10000,
49.5,50,0.0100001,1,0.00662559,0.0066121,1.93863,10000,
49.5,50,0.0480001,1e-07,1e-07,1e-07,1e-07,10000,
49.5,50,0.0480001,0.2,8.8311,8.83115,0.4187,10000,
49.5,50,0.0480001,0.4,11.7763,11.7763,0.869506,10000,
49.5,50,0.0480001,0.6,13.112,13.112,1.31517,10000,
49.5,50,0.0480001,0.8,13.639,13.6391,1.75826,10000,
49.5,50,0.0480001,1,13.6867,13.6867,2.20043,10000,
49.5,50,0.0860001,1e-07,1e-07,1e-07,1e-07,10000,
49.5,50,0.0860001,0.2,8.83,8.83003,0.751171,10000,
49.5,50,0.0860001,0.4,12.2168,12.2168,1.32268,10000,
49.5,50,0.0860001,0.6,14.4725,14.4724,1.8401,10000,
49.5,50,0.0860001,0.8,16.1182,16.1181,2.32989,10000,
49.5,50,0.0860001,1,17.3612,17.3612,2.80213,10000,
49.5,50,0.124,1e-07,1e-07,1e-07,1e-07,10000,
49.5,50,0.124,0.2,8.82824,8.82826,1.08364,10000,
49.5,50,0.124,0.4,12.3184,12.3184,1.7846,10000,
49.5,50,0.124,0.6,14.8044,14.8043,2.39135,10000,
49.5,50,0.124,0.8,16.7515,16.7514,2.94908,10000,
49.5,50,0.124,1,18.3428,18.3427,3.47562,10000,
49.5,50,0.162,1e-07,1e-07,1e-07,1e-07,10000,
49.5,50,0.162,0.2,8.82584,8.82586,1.41612,10000,
49.5,50,0.162,0.4,12.3528,12.3529,2.24892,10000,
49.5,50,0.162,0.6,14.925,14.925,2.95109,10000,
49.5,50,0.162,0.8,16.9879,16.9878,3.58429,10000,
49.5,50,0.162,1,18.7159,18.7158,4.17312,10000,
49.5,50,0.2,1e-07,1e-07,1e-07,1e-07,10000,
49.5,50,0.2,0.2,8.82281,8.82282,1.74864,10000,
49.5,50,0.2,0.4,12.3644,12.3645,2.71456,10000,
49.5,50,0.2,0.6,14.9746,14.9746,3.5141,10000,
49.5,50,0.2,0.8,17.0896,17.0896,4.22639,10000,
49.5,50,0.2,1,18.8801,18.8801,4.88176,10000,
50,50,0.0100001,1e-07,nan,nan,1e-07,10000,
50,50,0.0100001,0.2,0.728595,0.728633,0.498813,10000,
50,50,0.0100001,0.4,0.0841575,0.0841244,0.990338,10000,
50,50,0.0100001,0.6,0.0084185,0.00840412,1.47782,10000,
50,50,0.0100001,0.8,0.000794044,0.000791186,1.96057,10000,
50,50,0.0100001,1,7.25997e-05,7.21789e-05,2.43855,10000,
50,50,0.0480001,1e-07,nan,nan,1e-07,10000,
50,50,0.0480001,0.2,7.96296,7.96297,0.718303,10000,
50,50,0.0480001,0.4,10.0524,10.0525,1.21825,10000,
50,50,0.0480001,0.6,10.9899,10.99,1.69319,10000,
50,50,0.0480001,0.8,11.3277,11.3278,2.15808,10000,
50,50,0.0480001,1,11.3052,11.3051,2.61741,10000,
50,50,0.0860001,1e-07,nan,nan,1e-07,10000,
50,50,0.0860001,0.2,8.57953,8.57948,1.03211,10000,
50,50,0.0860001,0.4,11.6693,11.6693,1.63453,10000,
50,50,0.0860001,0.6,13.7455,13.7455,2.17184,10000,
50,50,0.0860001,0.8,15.265,15.2651,2.67665,10000,
50,50,0.0860001,1,16.4142,16.4143,3.16111,10000,
50,50,0.124,1e-07,nan,nan,1e-07,10000,
50,50,0.124,0.2,8.72962,8.72959,1.35799,10000,
50,50,0.124,0.4,12.0812,12.0812,2.08183,10000,
50,50,0.124,0.6,14.4796,14.4795,2.70412,10000,
50,50,0.124,0.8,16.3616,16.3616,3.27396,10000,
50,50,0.124,1,17.9012,17.9011,3.81034,10000,
50,50,0.162,1e-07,nan,nan,1e-07,10000,
50,50,0.162,0.2,8.78621,8.7862,1.68762,10000,
50,50,0.162,0.4,12.2384,12.2383,2.53949,10000,
50,50,0.162,0.6,14.763,14.7629,3.25418,10000,
50,50,0.162,0.8,16.79,16.7899,3.8976,10000,
50,50,0.162,1,18.489,18.4889,4.49507,10000,
50,50,0.2,1e-07,nan,nan,1e-07,10000,
50,50,0.2,0.2,8.81201,8.81202,2.01876,10000,
50,50,0.2,0.4,12.3103,12.3103,3.00164,10000,
50,50,0.2,0.6,14.8935,14.8934,3.81259,10000,
50,50,0.2,0.8,16.9881,16.988,4.53371,10000,
50,50,0.2,1,18.762,18.7619,5.19677,10000,
50.5,50,0.0100001,1e-07,1e-07,1e-07,0.5,10000,
50.5,50,0.0100001,0.2,0.000425681,0.000424168,0.997529,10000,
50.5,50,0.0100001,0.4,0.000169564,0.000168776,1.49009,10000,
50.5,50,0.0100001,0.6,2.57081e-05,2.5541e-05,1.97773,10000,
50.5,50,0.0100001,0.8,3.06838e-06,3.04236e-06,2.46053,10000,
50.5,50,0.0100001,1,4.06771e-07,4.03402e-07,2.93854,10000,
50.5,50,0.0480001,1e-07,1e-07,1e-07,0.5,10000,
50.5,50,0.0480001,0.2,5.7916,5.79161,1.09876,10000,
50.5,50,0.0480001,0.4,7.71474,7.71473,1.61817,10000,
50.5,50,0.0480001,0.6,8.58663,8.58658,2.10986,10000,
50.5,50,0.0480001,0.8,8.93017,8.93009,2.58834,10000,
50.5,50,0.0480001,1,8.9604,8.96029,3.05872,10000,
50.5,50,0.0860001,1e-07,1e-07,1e-07,0.5,10000,
50.5,50,0.0860001,0.2,7.79606,7.79608,1.36374,10000,
50.5,50,0.0860001,0.4,10.7827,10.7827,1.98,10000,
50.5,50,0.0860001,0.6,12.7721,12.7722,2.52941,10000,
50.5,50,0.0860001,0.8,14.2236,14.2237,3.04461,10000,
50.5,50,0.0860001,1,15.3201,15.3202,3.53818,10000,
50.5,50,0.124,1e-07,1e-07,1e-07,0.5,10000,
50.5,50,0.124,0.2,8.3582,8.35816,1.6689,10000,
50.5,50,0.124,0.4,11.6607,11.6606,2.40431,10000,
50.5,50,0.124,0.6,14.0131,14.0131,3.03663,10000,
50.5,50,0.124,0.8,15.8558,15.8557,3.61524,10000,
50.5,50,0.124,1,17.3617,17.3617,4.15941,10000,
50.5,50,0.162,1e-07,1e-07,1e-07,0.5,10000,
50.5,50,0.162,0.2,8.58288,8.58283,1.98752,10000,
50.5,50,0.162,0.4,12.0116,12.0116,2.84954,10000,
50.5,50,0.162,0.6,14.5123,14.5123,3.57331,10000,
50.5,50,0.162,0.8,16.5179,16.5178,4.22464,10000,
50.5,50,0.162,1,18.1979,18.1978,4.82906,10000,
50.5,50,0.2,1e-07,1e-07,1e-07,0.5,10000,
50.5,50,0.2,0.2,8.69254,8.69249,2.31233,10000,
50.5,50,0.2,0.4,12.1811,12.181,3.30452,10000,
50.5,50,0.2,0.6,14.7523,14.7522,4.12368,10000,
50.5,50,0.2,0.8,16.8357,16.8356,4.852,10000,
50.5,50,0.2,1,18.5995,18.5994,5.52143,10000,
51,50,0.0100001,1e-07,1e-07,1e-07,1,10000,
51,50,0.0100001,0.2,1.02037e-07,1.02132e-07,1.49751,10000,
51,50,0.0100001,0.4,1.31658e-07,1.31264e-07,1.99007,10000,
51,50,0.0100001,0.6,1.16227e-07,1.15632e-07,2.47773,10000,
51,50,0.0100001,0.8,1.03464e-07,1.02842e-07,2.96053,10000,
51,50,0.0100001,1,1.00516e-07,1.00711e-07,3.43854,10000,
51,50,0.0480001,1e-07,1e-07,1e-07,1,10000,
51,50,0.0480001,0.2,3.41936,3.41932,1.53905,10000,
51,50,0.0480001,0.4,5.33994,5.33987,2.05854,10000,
51,50,0.0480001,0.6,6.26702,6.26694,2.55644,10000,
51,50,0.0480001,0.8,6.69282,6.69274,3.04148,10000,
51,50,0.0480001,1,6.82313,6.82305,3.51768,10000,
51,50,0.0860001,1e-07,1e-07,1e-07,1,10000,
51,50,0.0860001,0.2,6.63828,6.63832,1.738,10000,
51,50,0.0860001,0.4,9.64767,9.64774,2.35475,10000,
51,50,0.0860001,0.6,11.618,11.6181,2.91007,10000,
51,50,0.0860001,0.8,13.0456,13.0457,3.43199,10000,
51,50,0.0860001,1,14.121,14.1211,3.93227,10000,
51,50,0.124,1e-07,1e-07,1e-07,1,10000,
51,50,0.124,0.2,7.75602,7.75605,2.01269,10000,
51,50,0.124,0.4,11.0815,11.0815,2.74953,10000,
51,50,0.124,0.6,13.4233,13.4234,3.38724,10000,
51,50,0.124,0.8,15.2489,15.2489,3.9718,10000,
51,50,0.124,1,16.737,16.7371,4.52174,10000,
51,50,0.162,1e-07,1e-07,1e-07,1,10000,
51,50,0.162,0.2,8.23177,8.23175,2.3141,10000,
51,50,0.162,0.4,11.6822,11.6822,3.17828,10000,
51,50,0.162,0.6,14.1802,14.1802,3.90723,10000,
51,50,0.162,0.8,16.1775,16.1774,4.56409,10000,
51,50,0.162,1,17.8477,17.8477,5.17399,10000,
51,50,0.2,1e-07,1e-07,1e-07,1,10000,
51,50,0.2,0.2,8.4719,8.47186,2.62808,10000,
51,50,0.2,0.4,11.9811,11.9811,3.62312,10000,
51,50,0.2,0.6,14.5545,14.5544,4.44751,10000,
51,50,0.2,0.8,16.6354,16.6353,5.18124,10000,
51,50,0.2,1,18.395,18.395,5.85589,10000,
51.5,50,0.0100001,1e-07,1e-07,1e-07,1.5,10000,
51.5,50,0.0100001,0.2,1e-07,1e-07,1.99751,10000,
51.5,50,0.0100001,0.4,1.00001e-07,1e-07,2.49007,10000,
51.5,50,0.0100001,0.6,1.00002e-07,1e-07,2.97773,10000,
51.5,50,0.0100001,0.8,1.00001e-07,1e-07,3.46053,10000,
51.5,50,0.0100001,1,1e-07,1.00711e-07,3.93854,10000,
51.5,50,0.0480001,1e-07,1e-07,1e-07,1.5,10000,
51.5,50,0.0480001,0.2,1.64883,1.64886,2.01302,10000,
51.5,50,0.0480001,0.4,3.34377,3.34376,2.52484,10000,
51.5,50,0.0480001,0.6,4.28137,4.28136,3.02298,10000,
51.5,50,0.0480001,0.8,4.77577,4.77576,3.51046,10000,
51.5,50,0.0480001,1,4.99763,4.99764,3.98973,10000,
51.5,50,0.0860001,1e-07,1e-07,1e-07,1.5,10000,
51.5,50,0.0860001,0.2,5.30682,5.3068,2.1497,10000,
51.5,50,0.0860001,0.4,8.36659,8.36661,2.75644,10000,
51.5,50,0.0860001,0.6,10.3524,10.3524,3.31258,10000,
51.5,50,0.0860001,0.8,11.7833,11.7833,3.83806,10000,
51.5,50,0.0860001,1,12.8588,12.8589,4.34268,10000,
51.5,50,0.124,1e-07,1e-07,1e-07,1.5,10000,
51.5,50,0.124,0.2,6.98191,6.98196,2.38509,10000,
51.5,50,0.124,0.4,10.3738,10.3738,3.11525,10000,
51.5,50,0.124,0.6,12.7311,12.7312,3.75444,10000,
51.5,50,0.124,0.8,14.5572,14.5573,4.34243,10000,
51.5,50,0.124,1,16.0405,16.0406,4.89633,10000,
51.5,50,0.162,1e-07,1e-07,1e-07,1.5,10000,
51.5,50,0.162,0.2,7.75561,7.75564,2.66456,10000,
51.5,50,0.162,0.4,11.2619,11.2619,3.52418,10000,
51.5,50,0.162,0.6,13.7749,13.7749,4.25515,10000,
51.5,50,0.162,0.8,15.7752,15.7752,4.91552,10000,
51.5,50,0.162,1,17.4439,17.444,5.52932,10000,
51.5,50,0.2,1e-07,1e-07,1e-07,1.5,10000,
51.5,50,0.2,0.2,8.16077,8.16077,2.96425,10000,
51.5,50,0.2,0.4,11.7161,11.7161,3.95634,10000,
51.5,50,0.2,0.6,14.3042,14.3041,4.78329,10000,
51.5,50,0.2,0.8,16.3903,16.3903,5.5207,10000,
51.5,50,0.2,1,18.1513,18.1513,6.19931,10000,
52,50,0.0100001,1e-07,1e-07,1e-07,2,10000,
52,50,0.0100001,0.2,1e-07,1e-07,2.49751,10000,
52,50,0.0100001,0.4,1e-07,1e-07,2.99007,10000,
52,50,0.0100001,0.6,1e-07,1e-07,3.47773,10000,
52,50,0.0100001,0.8,1e-07,1e-07,3.96053,10000,
52,50,0.0100001,1,1e-07,1e-07,4.43854,10000,
52,50,0.0480001,1e-07,1e-07,1e-07,2,10000,
52,50,0.0480001,0.2,0.65321,0.653243,2.5031,10000,
52,50,0.0480001,0.4,1.89974,1.8998,3.00721,10000,
52,50,0.0480001,0.6,2.74305,2.74311,3.50327,10000,
52,50,0.0480001,0.8,3.2493,3.24937,3.991,10000,
52,50,0.0480001,1,3.52508,3.52516,4.47137,10000,
52,50,0.0860001,1e-07,1e-07,1e-07,2,10000,
52,50,0.0860001,0.2,3.99034,3.99029,2.59127,10000,
52,50,0.0860001,0.4,7.03885,7.03881,3.18172,10000,
52,50,0.0860001,0.6,9.04174,9.0417,3.73452,10000,
52,50,0.0860001,0.8,10.4859,10.4859,4.26065,10000,
52,50,0.0860001,1,11.5724,11.5723,4.76756,10000,
52,50,0.124,1e-07,1e-07,1e-07,2,10000,
52,50,0.124,0.2,6.10242,6.10244,2.78385,10000,
52,50,0.124,0.4,9.57035,9.57041,3.49984,10000,
52,50,0.124,0.6,11.9585,11.9586,4.137,10000,
52,50,0.124,0.8,13.7974,13.7975,4.72624,10000,
52,50,0.124,1,15.2857,15.2858,5.28263,10000,
52,50,0.162,1e-07,1e-07,1e-07,2,10000,
52,50,0.162,0.2,7.1817,7.18175,3.03646,10000,
52,50,0.162,0.4,10.7639,10.7639,3.8859,10000,
52,50,0.162,0.6,13.3054,13.3054,4.61596,10000,
52,50,0.162,0.8,15.3181,15.3182,5.27805,10000,
52,50,0.162,1,16.9922,16.9923,5.89452,10000,
52,50,0.2,1e-07,1e-07,1e-07,2,10000,
52,50,0.2,0.2,7.77224,7.77227,3.3192,10000,
52,50,0.2,0.4,11.3925,11.3925,4.30335,10000,
52,50,0.2,0.6,14.0056,14.0056,5.13029,10000,
52,50,0.2,0.8,16.1039,16.1039,5.86983,10000,
52,50,0.2,1,17.8712,17.8712,6.55128,10000,
52.5,50,0.0100001,1e-07,1e-07,1e-07,2.5,10000,
52.5,50,0.0100001,0.2,1e-07,1e-07,2.99751,10000,
52.5,50,0.0100001,0.4,1e-07,1e-07,3.49007,10000,
52.5,50,0.0100001,0.6,1e-07,1e-07,3.97773,10000,
52.5,50,0.0100001,0.8,1e-07,1e-07,4.46053,10000,
52.5,50,0.0100001,1,1e-07,1e-07,4.93854,10000,
52.5,50,0.0480001,1e-07,1e-07,1e-07,2.5,10000,
52.5,50,0.0480001,0.2,0.213824,0.213812,2.99958,10000,
52.5,50,0.0480001,0.4,0.982061,0.982111,3.49846,10000,
52.5,50,0.0480001,0.6,1.6513,1.65138,3.99206,10000,
52.5,50,0.0480001,0.8,2.11085,2.11094,4.47899,10000,
52.5,50,0.0480001,1,2.39707,2.39717,4.95952,10000,
52.5,50,0.0860001,1e-07,1e-07,1e-07,2.5,10000,
52.5,50,0.0860001,0.2,2.82718,2.82716,3.05347,10000,
52.5,50,0.0860001,0.4,5.74996,5.74989,3.6266,10000,
52.5,50,0.0860001,0.6,7.745,7.74492,4.1732,10000,
52.5,50,0.0860001,0.8,9.19772,9.19764,4.69769,10000,
52.5,50,0.0860001,1,10.2962,10.2961,5.20514,10000,
52.5,50,0.124,1e-07,1e-07,1e-07,2.5,10000,
52.5,50,0.124,0.2,5.18316,5.18314,3.20602,10000,
52.5,50,0.124,0.4,8.70474,8.70477,3.90251,10000,
52.5,50,0.124,0.6,11.128,11.1281,4.53415,10000,
52.5,50,0.124,0.8,12.9866,12.9866,5.12246,10000,
52.5,50,0.124,1,14.4862,14.4863,5.67986,10000,
52.5,50,0.162,1e-07,1e-07,1e-07,2.5,10000,
52.5,50,0.162,0.2,6.53949,6.53953,3.42828,10000,
52.5,50,0.162,0.4,10.2025,10.2026,4.26214,10000,
52.5,50,0.162,0.6,12.7812,12.7813,4.98884,10000,
52.5,50,0.162,0.8,14.8134,14.8135,5.65105,10000,
52.5,50,0.162,1,16.4984,16.4985,6.26901,10000,
52.5,50,0.2,1e-07,1e-07,1e-07,2.5,10000,
52.5,50,0.2,0.2,7.32097,7.32102,3.69115,10000,
52.5,50,0.2,0.4,11.0172,11.0172,4.6631,10000,
52.5,50,0.2,0.6,13.6636,13.6636,5.48777,10000,
52.5,50,0.2,0.8,15.7797,15.7797,6.22803,10000,
52.5,50,0.2,1,17.5576,17.5576,6.91136,10000,
53,50,0.0100001,1e-07,1e-07,1e-07,3,10000,
53,50,0.0100001,0.2,1e-07,1e-07,3.49751,10000,
53,50,0.0100001,0.4,1e-07,1e-07,3.99007,10000,
53,50,0.0100001,0.6,1e-07,1e-07,4.47773,10000,
53,50,0.0100001,0.8,1e-07,1e-07,4.96053,10000,
53,50,0.0100001,1,1e-07,1e-07,5.43854,10000,
53,50,0.0480001,1e-07,1e-07,1e-07,3,10000,
53,50,0.0480001,0.2,0.058153,0.0581287,3.49844,10000,
53,50,0.0480001,0.4,0.463189,0.463192,3.99417,10000,
53,50,0.0480001,0.6,0.935722,0.935765,4.48574,10000,
53,50,0.0480001,0.8,1.31108,1.31114,4.97171,10000,
53,50,0.0480001,1,1.57312,1.5732,5.45195,10000,
53,50,0.0860001,1e-07,1e-07,1e-07,3,10000,
53,50,0.0860001,0.2,1.89065,1.89068,3.53032,10000,
53,50,0.0860001,0.4,4.56466,4.5646,4.08587,10000,
53,50,0.0860001,0.6,6.51018,6.5101,4.62552,10000,
53,50,0.0860001,0.8,7.95547,7.95537,5.14746,10000,
53,50,0.0860001,1,9.05963,9.05952,5.65433,10000,
53,50,0.124,1e-07,1e-07,1e-07,3,10000,
53,50,0.124,0.2,4.28164,4.28159,3.64786,10000,
53,50,0.124,0.4,7.80908,7.80906,4.32142,10000,
53,50,0.124,0.6,10.2613,10.2613,4.94539,10000,
53,50,0.124,0.8,12.1409,12.141,5.53116,10000,
53,50,0.124,1,13.6551,13.6552,6.08825,10000,
53,50,0.162,1e-07,1e-07,1e-07,3,10000,
53,50,0.162,0.2,5.85837,5.85838,3.83892,10000,
53,50,0.162,0.4,9.59248,9.59254,4.65206,10000,
53,50,0.162,0.6,12.2122,12.2123,5.37304,10000,
53,50,0.162,0.8,14.2684,14.2685,6.03377,10000,
53,50,0.162,1,15.9683,15.9684,6.65214,10000,
53,50,0.2,1e-07,1e-07,1e-07,3,10000,
53,50,0.2,0.2,6.82239,6.82243,4.07902,10000,
53,50,0.2,0.4,10.5977,10.5977,5.03478,10000,
53,50,0.2,0.6,13.283,13.2831,5.85529,10000,
53,50,0.2,0.8,15.4215,15.4215,6.59501,10000,
53,50,0.2,1,17.2135,17.2135,7.27924,10000,
53.5,50,0.0100001,1e-07,1e-07,1e-07,3.5,10000,
53.5,50,0.0100001,0.2,1e-07,1e-07,3.99751,10000,
53.5,50,0.0100001,0.4,1e-07,1e-07,4.49007,10000,
53.5,50,0.0100001,0.6,1e-07,1e-07,4.97773,10000,
53.5,50,0.0100001,0.8,1e-07,1e-07,5.46053,10000,
53.5,50,0.0100001,1,1e-07,1e-07,5.93854,10000,
53.5,50,0.0480001,1e-07,1e-07,1e-07,3.5,10000,
53.5,50,0.0480001,0.2,0.0132102,0.0131954,3.99799,10000,
53.5,50,0.0480001,0.4,0.199847,0.199819,4.49224,10000,
53.5,50,0.0480001,0.6,0.499982,0.499978,4.98223,10000,
53.5,50,0.0480001,0.8,0.779595,0.779615,5.46728,10000,
53.5,50,0.0480001,1,0.997385,0.997421,5.94709,10000,
53.5,50,0.0860001,1e-07,1e-07,1e-07,3.5,10000,
53.5,50,0.0860001,0.2,1.19537,1.19541,4.01643,10000,
53.5,50,0.0860001,0.4,3.52442,3.52442,4.55635,10000,
53.5,50,0.0860001,0.6,5.37283,5.37278,5.08841,10000,
53.5,50,0.0860001,0.8,6.78799,6.78791,5.60669,10000,
53.5,50,0.0860001,1,7.88615,7.88605,6.11202,10000,
53.5,50,0.124,1e-07,1e-07,1e-07,3.5,10000,
53.5,50,0.124,0.2,3.44266,3.44262,4.10445,10000,
53.5,50,0.124,0.4,6.91243,6.91238,4.75479,10000,
53.5,50,0.124,0.6,9.37887,9.37884,5.36915,10000,
53.5,50,0.124,0.8,11.2761,11.276,5.9508,10000,
53.5,50,0.124,1,12.8049,12.8049,6.50648,10000,
53.5,50,0.162,1e-07,1e-07,1e-07,3.5,10000,
53.5,50,0.162,0.2,5.16569,5.16566,4.26621,10000,
53.5,50,0.162,0.4,8.94832,8.94836,5.05545,10000,
53.5,50,0.162,0.6,11.608,11.6081,5.76796,10000,
53.5,50,0.162,0.8,13.6904,13.6905,6.42596,10000,
53.5,50,0.162,1,15.408,15.4081,7.04377,10000,
53.5,50,0.2,1e-07,1e-07,1e-07,3.5,10000,
53.5,50,0.2,0.2,6.29192,6.29194,4.48241,10000,
53.5,50,0.2,0.4,10.1416,10.1416,5.41761,10000,
53.5,50,0.2,0.6,12.8688,12.8689,6.23219,10000,
53.5,50,0.2,0.8,15.0329,15.033,6.97017,10000,
53.5,50,0.2,1,16.8419,16.842,7.65448,10000,
54,50,0.0100001,1e-07,1e-07,1e-07,4,10000,
54,50,0.0100001,0.2,1e-07,1e-07,4.49751,10000,
54,50,0.0100001,0.4,1e-07,1e-07,4.99007,10000,
54,50,0.0100001,0.6,1e-07,1e-07,5.47773,10000,
54,50,0.0100001,0.8,1e-07,1e-07,5.96053,10000,
54,50,0.0100001,1,1e-07,1e-07,6.43854,10000,
54,50,0.0480001,1e-07,1e-07,1e-07,4,10000,
54,50,0.0480001,0.2,0.00251947,0.00251391,4.49774,10000,
54,50,0.0480001,0.4,0.0790793,0.079045,4.99137,10000,
54,50,0.0480001,0.6,0.252336,0.252303,5.48044,10000,
54,50,0.0480001,0.8,0.44435,0.444329,5.9648,10000,
54,50,0.0480001,1,0.611529,0.611521,6.4441,10000,
54,50,0.0860001,1e-07,1e-07,1e-07,4,10000,
54,50,0.0860001,0.2,0.715678,0.715714,4.50845,10000,
54,50,0.0860001,0.4,2.64881,2.64885,5.0358,10000,
54,50,0.0860001,0.6,4.35593,4.35592,5.55985,10000,
54,50,0.0860001,0.8,5.71579,5.71575,6.07403,10000,
54,50,0.0860001,1,6.7932,6.79314,6.5774,10000,
54,50,0.124,1e-07,1e-07,1e-07,4,10000,
54,50,0.124,0.2,2.69638,2.69637,4.5725,10000,
54,50,0.124,0.4,6.03971,6.03964,5.20111,10000,
54,50,0.124,0.6,8.49901,8.49894,5.80427,10000,
54,50,0.124,0.8,10.4062,10.4061,6.38085,10000,
54,50,0.124,1,11.947,11.9469,6.93405,10000,
54,50,0.162,1e-07,1e-07,1e-07,4,10000,
54,50,0.162,0.2,4.48534,4.48529,4.70792,10000,
54,50,0.162,0.4,8.28393,8.28393,5.47107,10000,
54,50,0.162,0.6,10.9781,10.9782,6.1736,10000,
54,50,0.162,0.8,13.0865,13.0866,6.82703,10000,
54,50,0.162,1,14.8231,14.8231,7.44332,10000,
54,50,0.2,1e-07,1e-07,1e-07,4,10000,
54,50,0.2,0.2,5.74429,5.74429,4.89976,10000,
54,50,0.2,0.4,9.65643,9.6565,5.81107,10000,
54,50,0.2,0.6,12.4262,12.4263,6.6179,10000,
54,50,0.2,0.8,14.6179,14.618,7.35304,10000,
54,50,0.2,1,16.4459,16.446,8.03677,10000,
54.5,50,0.0100001,1e-07,1e-07,1e-07,4.5,10000,
54.5,50,0.0100001,0.2,1e-07,1e-07,4.99751,10000,
54.5,50,0.0100001,0.4,1e-07,1e-07,5.49007,10000,
54.5,50,0.0100001,0.6,1e-07,1e-07,5.97773,10000,
54.5,50,0.0100001,0.8,1e-07,1e-07,6.46053,10000,
54.5,50,0.0100001,1,1e-07,1e-07,6.93854,10000,
54.5,50,0.0480001,1e-07,1e-07,1e-07,4.5,10000,
54.5,50,0.0480001,0.2,0.000405491,0.000404014,4.99763,10000,
54.5,50,0.0480001,0.4,0.0287689,0.0287432,5.49091,10000,
54.5,50,0.0480001,0.6,0.120485,0.120442,5.9795,10000,
54.5,50,0.0480001,0.8,0.243065,0.243022,6.46331,10000,
54.5,50,0.0480001,1,0.362947,0.362908,6.94233,10000,
54.5,50,0.0860001,1e-07,1e-07,1e-07,4.5,10000,
54.5,50,0.0860001,0.2,0.406378,0.406389,5.00381,10000,
54.5,50,0.0860001,0.4,1.93922,1.93928,5.52133,10000,
54.5,50,0.0860001,0.6,3.47093,3.47097,6.03865,10000,
54.5,50,0.0860001,0.8,4.75155,4.75156,6.54832,10000,
54.5,50,0.0860001,1,5.79256,5.79253,7.04903,10000,
54.5,50,0.124,1e-07,1e-07,1e-07,4.5,10000,
54.5,50,0.124,0.2,2.05871,2.05873,5.04991,10000,
54.5,50,0.124,0.4,5.21093,5.21086,5.65709,10000,
54.5,50,0.124,0.6,7.6377,7.63761,6.24979,10000,
54.5,50,0.124,0.8,9.54406,9.54398,6.81993,10000,
54.5,50,0.124,1,11.092,11.0919,7.37027,10000,
54.5,50,0.162,1e-07,1e-07,1e-07,4.5,10000,
54.5,50,0.162,0.2,3.83677,3.83672,5.16125,10000,
54.5,50,0.162,0.4,7.61218,7.61215,5.89811,10000,
54.5,50,0.162,0.6,10.3316,10.3316,6.58923,10000,
54.5,50,0.162,0.8,12.4637,12.4638,7.23732,10000,
54.5,50,0.162,1,14.2191,14.2192,7.85077,10000,
54.5,50,0.2,1e-07,1e-07,1e-07,4.5,10000,
54.5,50,0.2,0.2,5.19304,5.19301,5.32996,10000,
54.5,50,0.2,0.4,9.14973,9.14978,6.21496,10000,
54.5,50,0.2,0.6,11.96,11.9601,7.01217,10000,
54.5,50,0.2,0.8,14.1801,14.1802,7.74338,10000,
54.5,50,0.2,1,16.0285,16.0286,8.42557,10000,
55,50,0.0100001,1e-07,1e-07,1e-07,5,10000,
55,50,0.0100001,0.2,1e-07,1e-07,5.49751,10000,
55,50,0.0100001,0.4,1e-07,1e-07,5.99007,10000,
55,50,0.0100001,0.6,1e-07,1e-07,6.47773,10000,
55,50,0.0100001,0.8,1e-07,1e-07,6.96053,10000,
55,50,0.0100001,1,1e-07,1e-07,7.43854,10000,
55,50,0.0480001,1e-07,1e-07,1e-07,5,10000,
55,50,0.0480001,0.2,5.54015e-05,5.51031e-05,5.49759,10000,
55,50,0.0480001,0.4,0.00964525,0.00963051,5.99059,10000,
55,50,0.0480001,0.6,0.0545123,0.0544752,6.479,10000,
55,50,0.0480001,0.8,0.127753,0.127704,6.96251,10000,
55,50,0.0480001,1,0.208711,0.208657,7.44121,10000,
55,50,0.0860001,1e-07,1e-07,1e-07,5,10000,
55,50,0.0860001,0.2,0.219174,0.219162,5.50132,10000,
55,50,0.0860001,0.4,1.38402,1.38408,6.01154,10000,
55,50,0.0860001,0.6,2.71964,2.71971,6.52262,10000,
55,50,0.0860001,0.8,3.90101,3.90106,7.02848,10000,
55,50,0.0860001,1,4.89078,4.8908,7.52657,10000,
55,50,0.124,1e-07,1e-07,1e-07,5,10000,
55,50,0.124,0.2,1.53336,1.5334,5.53381,10000,
55,50,0.124,0.4,4.44102,4.44098,6.12153,10000,
55,50,0.124,0.6,6.80826,6.80818,6.70366,10000,
55,50,0.124,0.8,8.70081,8.70072,7.26791,10000,
55,50,0.124,1,10.2491,10.249,7.81392,10000,
55,50,0.162,1e-07,1e-07,1e-07,5,10000,
55,50,0.162,0.2,3.23462,3.23458,5.62403,10000,
55,50,0.162,0.4,6.94466,6.94461,6.3352,10000,
55,50,0.162,0.6,9.67696,9.67694,7.01394,10000,
55,50,0.162,0.8,11.8286,11.8286,7.65575,10000,
55,50,0.162,1,13.6014,13.6015,8.2661,10000,
55,50,0.2,1e-07,1e-07,1e-07,5,10000,
55,50,0.2,0.2,4.65006,4.65002,5.77126,10000,
55,50,0.2,0.4,8.62859,8.6286,6.62891,10000,
55,50,0.2,0.6,11.4752,11.4753,7.41452,10000,
55,50,0.2,0.8,13.7233,13.7233,8.14091,10000,
55,50,0.2,1,15.5927,15.5928,8.82098,10000,
55.5,50,0.0100001,1e-07,1e-07,1e-07,5.5,10000,
55.5,50,0.0100001,0.2,1e-07,1e-07,5.99751,10000,
55.5,50,0.0100001,0.4,1e-07,1e-07,6.49007,10000,
55.5,50,0.0100001,0.6,1e-07,1e-07,6.97773,10000,
55.5,50,0.0100001,0.8,1e-07,1e-07,7.46053,10000,
55.5,50,0.0100001,1,1e-07,1e-07,7.93854,10000,
55.5,50,0.0480001,1e-07,1e-07,1e-07,5.5,10000,
55.5,50,0.0480001,0.2,6.52521e-06,6.47712e-06,5.99755,10000,
55.5,50,0.0480001,0.4,0.002987,0.00298001,6.4904,10000,
55.5,50,0.0480001,0.6,0.023406,0.0233798,6.97861,10000,
55.5,50,0.0480001,0.8,0.0645899,0.0645468,7.46202,10000,
55.5,50,0.0480001,1,0.116389,0.116335,7.94056,10000,
55.5,50,0.0860001,1e-07,1e-07,1e-07,5.5,10000,
55.5,50,0.0860001,0.2,0.112439,0.112416,5.9999,10000,
55.5,50,0.0860001,0.4,0.963614,0.963663,6.50477,10000,
55.5,50,0.0860001,0.6,2.09645,2.09653,7.01082,10000,
55.5,50,0.0860001,0.8,3.16414,3.16422,7.51282,10000,
55.5,50,0.0860001,1,4.08996,4.09003,8.00858,10000,
55.5,50,0.124,1e-07,1e-07,1e-07,5.5,10000,
55.5,50,0.124,0.2,1.1149,1.11494,6.02268,10000,
55.5,50,0.124,0.4,3.73998,3.73997,6.59283,10000,
55.5,50,0.124,0.6,6.02128,6.02121,7.16462,10000,
55.5,50,0.124,0.8,7.8858,7.8857,7.72273,10000,
55.5,50,0.124,1,9.42655,9.42644,8.26538,10000,
55.5,50,0.162,1e-07,1e-07,1e-07,5.5,10000,
55.5,50,0.162,0.2,2.68871,2.6887,6.09448,10000,
55.5,50,0.162,0.4,6.29144,6.29137,6.78187,10000,
55.5,50,0.162,0.6,9.02189,9.02184,7.4473,10000,
55.5,50,0.162,0.8,11.1872,11.1872,8.08188,10000,
55.5,50,0.162,1,12.9751,12.9751,8.68831,10000,
55.5,50,0.2,1e-07,1e-07,1e-07,5.5,10000,
55.5,50,0.2,0.2,4.12538,4.12532,6.22266,10000,
55.5,50,0.2,0.4,8.09968,8.09967,7.05185,10000,
55.5,50,0.2,0.6,10.9765,10.9765,7.82525,10000,
55.5,50,0.2,0.8,13.251,13.251,8.54522,10000,
55.5,50,0.2,1,15.1413,15.1414,9.22247,10000,
56,50,0.0100001,1e-07,1e-07,1e-07,6,10000,
56,50,0.0100001,0.2,1e-07,1e-07,6.49751,10000,
56,50,0.0100001,0.4,1e-07,1e-07,6.99007,10000,
56,50,0.0100001,0.6,1e-07,1e-07,7.47773,10000,
56,50,0.0100001,0.8,1e-07,1e-07,7.96053,10000,
56,50,0.0100001,1,1e-07,1e-07,8.43854,10000,
56,50,0.0480001,1e-07,1e-07,1e-07,6,10000,
56,50,0.0480001,0.2,7.38659e-07,7.32383e-07,6.49755,10000,
56,50,0.0480001,0.4,0.00085639,0.000853549,6.99028,10000,
56,50,0.0480001,0.6,0.00955147,0.00953553,7.47832,10000,
56,50,0.0480001,0.8,0.0314467,0.0314143,7.96164,10000,
56,50,0.0480001,1,0.0629977,0.0629517,8.44012,10000,
56,50,0.0860001,1e-07,1e-07,1e-07,6,10000,
56,50,0.0860001,0.2,0.0549444,0.0549196,6.49918,10000,
56,50,0.0860001,0.4,0.654958,0.654982,7.00014,10000,
56,50,0.0860001,0.6,1.59061,1.59069,7.50227,10000,
56,50,0.0860001,0.8,2.53641,2.5365,8.00079,10000,
56,50,0.0860001,1,3.38854,3.38863,8.49401,10000,
56,50,0.124,1e-07,1e-07,1e-07,6,10000,
56,50,0.124,0.2,0.79187,0.79191,6.515,10000,
56,50,0.124,0.4,3.1133,3.11331,7.07049,10000,
56,50,0.124,0.6,5.28466,5.28461,7.63179,10000,
56,50,0.124,0.8,7.1066,7.10651,8.18351,10000,
56,50,0.124,1,8.63102,8.63091,8.72218,10000,
56,50,0.162,1e-07,1e-07,1e-07,6,10000,
56,50,0.162,0.2,2.20444,2.20446,6.57185,10000,
56,50,0.162,0.4,5.66097,5.6609,7.23607,10000,
56,50,0.162,0.6,8.37337,8.3733,7.88811,10000,
56,50,0.162,0.8,10.5452,10.5451,8.51534,10000,
56,50,0.162,1,12.3448,12.3447,9.11721,10000,
56,50,0.2,1e-07,1e-07,1e-07,6,10000,
56,50,0.2,0.2,3.627,3.62696,6.68165,10000,
56,50,0.2,0.4,7.56919,7.56916,7.48339,10000,
56,50,0.2,0.6,10.4683,10.4683,8.24358,10000,
56,50,0.2,0.8,12.7667,12.7667,8.9565,10000,
56,50,0.2,1,14.6772,14.6773,9.6299,10000,
56.5,50,0.0100001,1e-07,1e-07,1e-07,6.5,10000,
56.5,50,0.0100001,0.2,1e-07,1e-07,6.99751,10000,
56.5,50,0.0100001,0.4,1e-07,1e-07,7.49007,10000,
56.5,50,0.0100001,0.6,1e-07,1e-07,7.97773,10000,
56.5,50,0.0100001,0.8,1e-07,1e-07,8.46053,10000,
56.5,50,0.0100001,1,1e-07,1e-07,8.93854,10000,
56.5,50,0.0480001,1e-07,1e-07,1e-07,6.5,10000,
56.5,50,0.0480001,0.2,1.54546e-07,1.54001e-07,6.99755,10000,
56.5,50,0.0480001,0.4,0.000227842,0.00022683,7.49024,10000,
56.5,50,0.0480001,0.6,0.00370974,0.00370109,7.97815,10000,
56.5,50,0.0480001,0.8,0.0147593,0.0147374,8.46133,10000,
56.5,50,0.0480001,1,0.0331243,0.033089,8.93975,10000,
56.5,50,0.0860001,1e-07,1e-07,1e-07,6.5,10000,
56.5,50,0.0860001,0.2,0.0256089,0.0255887,6.99873,10000,
56.5,50,0.0860001,0.4,0.434874,0.434873,7.49706,10000,
56.5,50,0.0860001,0.6,1.18834,1.1884,7.99584,10000,
56.5,50,0.0860001,0.8,2.01006,2.01016,8.49169,10000,
56.5,50,0.0860001,1,2.7821,2.7822,8.98255,10000,
56.5,50,0.124,1e-07,1e-07,1e-07,6.5,10000,
56.5,50,0.124,0.2,0.549775,0.5498,7.00966,10000,
56.5,50,0.124,0.4,2.56256,2.56261,7.55285,10000,
56.5,50,0.124,0.6,4.60375,4.60373,8.10421,10000,
56.5,50,0.124,0.8,6.36909,6.36902,8.6498,10000,
56.5,50,0.124,1,7.8681,7.868,9.18425,10000,
56.5,50,0.162,1e-07,1e-07,1e-07,6.5,10000,
56.5,50,0.162,0.2,1.78342,1.78345,7.05432,10000,
56.5,50,0.162,0.4,5.06007,5.06,7.69674,10000,
56.5,50,0.162,0.6,7.73753,7.73744,8.33652,10000,
56.5,50,0.162,0.8,9.90774,9.90767,8.95548,10000,
56.5,50,0.162,1,11.7148,11.7147,9.55247,10000,
56.5,50,0.2,1e-07,1e-07,1e-07,6.5,10000,
56.5,50,0.2,0.2,3.16097,3.16094,7.14757,10000,
56.5,50,0.2,0.4,7.04269,7.04263,7.92258,10000,
56.5,50,0.2,0.6,9.95493,9.95492,8.66888,10000,
56.5,50,0.2,0.8,12.2737,12.2737,9.37458,10000,
56.5,50,0.2,1,14.2031,14.2031,10.0434,10000,
57,50,0.0100001,1e-07,1e-07,1e-07,7,10000,
57,50,0.0100001,0.2,1e-07,1e-07,7.49751,10000,
57,50,0.0100001,0.4,1e-07,1e-07,7.99007,10000,
57,50,0.0100001,0.6,1e-07,1e-07,8.47773,10000,
57,50,0.0100001,0.8,1e-07,1e-07,8.96053,10000,
57,50,0.0100001,1,1e-07,1e-07,9.43854,10000,
57,50,0.0480001,1e-07,1e-07,1e-07,7,10000,
57,50,0.0480001,0.2,1.0402e-07,1.04263e-07,7.49755,10000,
57,50,0.0480001,0.4,5.64106e-05,5.60886e-05,7.9902,10000,
57,50,0.0480001,0.6,0.00137326,0.001369,8.47803,10000,
57,50,0.0480001,0.8,0.00668466,0.00667121,8.96111,10000,
57,50,0.0480001,1,0.0169329,0.0169081,9.43945,10000,
57,50,0.0860001,1e-07,1e-07,1e-07,7,10000,
57,50,0.0860001,0.2,0.0113996,0.0113856,7.49837,10000,
57,50,0.0860001,0.4,0.28225,0.282229,7.99512,10000,
57,50,0.0860001,0.6,0.874586,0.874622,8.49115,10000,
57,50,0.0860001,0.8,1.57532,1.5754,8.98464,10000,
57,50,0.0860001,1,2.26416,2.26427,9.47363,10000,
57,50,0.124,1e-07,1e-07,1e-07,7,10000,
57,50,0.124,0.2,0.373337,0.373344,7.50594,10000,
57,50,0.124,0.4,2.08626,2.08632,8.03889,10000,
57,50,0.124,0.6,3.98166,3.98167,8.58167,10000,
57,50,0.124,0.8,5.67752,5.67749,9.12068,10000,
57,50,0.124,1,7.14216,7.14208,9.65108,10000,
57,50,0.162,1e-07,1e-07,1e-07,7,10000,
57,50,0.162,0.2,1.42419,1.42424,7.54077,10000,
57,50,0.162,0.4,4.49392,4.49387,8.16327,10000,
57,50,0.162,0.6,7.1196,7.11951,8.79112,10000,
57,50,0.162,0.8,9.27942,9.27933,9.40154,10000,
57,50,0.162,1,11.0891,11.089,9.99363,10000,
57,50,0.2,1e-07,1e-07,1e-07,7,10000,
57,50,0.2,0.2,2.73141,2.7314,7.61917,10000,
57,50,0.2,0.4,6.52509,6.52503,8.36896,10000,
57,50,0.2,0.6,9.44018,9.44015,9.10099,10000,
57,50,0.2,0.8,11.7751,11.7751,9.79857,10000,
57,50,0.2,1,13.7214,13.7215,10.4629,10000,
57.5,50,0.0100001,1e-07,1e-07,1e-07,7.5,10000,
57.5,50,0.0100001,0.2,1e-07,1e-07,7.99751,10000,
57.5,50,0.0100001,0.4,1e-07,1e-07,8.49007,10000,
57.5,50,0.0100001,0.6,1e-07,1e-07,8.97773,10000,
57.5,50,0.0100001,0.8,1e-07,1e-07,9.46053,10000,
57.5,50,0.0100001,1,1e-07,1e-07,9.93854,10000,
57.5,50,0.0480001,1e-07,1e-07,1e-07,7.5,10000,
57.5,50,0.0480001,0.2,1.00257e-07,1e-07,7.99755,10000,
57.5,50,0.0480001,0.4,1.30698e-05,1.29772e-05,8.49015,10000,
57.5,50,0.0480001,0.6,0.000485178,0.000483251,8.97798,10000,
57.5,50,0.0480001,0.8,0.0029245,0.00291683,9.46099,10000,
57.5,50,0.0480001,1,0.00842213,0.00840589,9.93923,10000,
57.5,50,0.0860001,1e-07,1e-07,1e-07,7.5,10000,
57.5,50,0.0860001,0.2,0.00485251,0.00484393,7.99811,10000,
57.5,50,0.0860001,0.4,0.179183,0.179151,8.49376,10000,
57.5,50,0.0860001,0.6,0.634351,0.634361,8.98769,10000,
57.5,50,0.0860001,0.8,1.22131,1.22137,9.4792,10000,
57.5,50,0.0860001,1,1.82694,1.82704,9.96654,10000,
57.5,50,0.124,1e-07,1e-07,1e-07,7.5,10000,
57.5,50,0.124,0.2,0.248122,0.248113,8.00357,10000,
57.5,50,0.124,0.4,1.68047,1.68054,8.52809,10000,
57.5,50,0.124,0.6,3.41948,3.41953,9.06317,10000,
57.5,50,0.124,0.8,5.03468,5.03467,9.59589,10000,
57.5,50,0.124,1,6.45643,6.45638,10.122,10000,
57.5,50,0.162,1e-07,1e-07,1e-07,7.5,10000,
57.5,50,0.162,0.2,1.12304,1.12309,8.03053,10000,
57.5,50,0.162,0.4,3.9662,3.96617,8.63465,10000,
57.5,50,0.162,0.6,6.52397,6.52388,9.25071,10000,
57.5,50,0.162,0.8,8.66424,8.66414,9.85406,10000,
57.5,50,0.162,1,10.4712,10.4711,10.4399,10000,
57.5,50,0.2,1e-07,1e-07,1e-07,7.5,10000,
57.5,50,0.2,0.2,2.34072,2.34072,8.09622,10000,
57.5,50,0.2,0.4,6.02067,6.0206,8.82224,10000,
57.5,50,0.2,0.6,8.92766,8.9276,9.53948,10000,
57.5,50,0.2,0.8,11.2738,11.2738,10.2283,10000,
57.5,50,0.2,1,13.2347,13.2348,10.8875,10000,
58,50,0.0100001,1e-07,1e-07,1e-07,8,10000,
58,50,0.0100001,0.2,1e-07,1e-07,8.49751,10000,
58,50,0.0100001,0.4,1e-07,1e-07,8.99007,10000,
58,50,0.0100001,0.6,1e-07,1e-07,9.47773,10000,
58,50,0.0100001,0.8,1e-07,1e-07,9.96053,10000,
58,50,0.0100001,1,1e-07,1e-07,10.4385,10000,
58,50,0.0480001,1e-07,1e-07,1e-07,8,10000,
58,50,0.0480001,0.2,1.00014e-07,1.00711e-07,8.49755,10000,
58,50,0.0480001,0.4,2.88817e-06,2.86401e-06,8.99015,10000,
58,50,0.0480001,0.6,0.000163842,0.000163035,9.47794,10000,
58,50,0.0480001,0.8,0.0012371,0.00123301,9.96088,10000,
58,50,0.0480001,1,0.00407896,0.00406895,10.4391,10000,
58,50,0.0860001,1e-07,1e-07,1e-07,8,10000,
58,50,0.0860001,0.2,0.00197769,0.00197293,8.49795,10000,
58,50,0.0860001,0.4,0.111331,0.111295,8.99293,10000,
58,50,0.0860001,0.6,0.453624,0.453612,9.4853,10000,
58,50,0.0860001,0.8,0.936949,0.936983,9.97496,10000,
58,50,0.0860001,1,1.46194,1.46201,10.4608,10000,
58,50,0.124,1e-07,1e-07,1e-07,8,10000,
58,50,0.124,0.2,0.161486,0.161466,8.50196,10000,
58,50,0.124,0.4,1.33965,1.33972,9.01986,10000,
58,50,0.124,0.6,2.91665,2.91672,9.54774,10000,
58,50,0.124,0.8,4.442,4.44202,10.0751,10000,
58,50,0.124,1,5.8131,5.81309,10.5967,10000,
58,50,0.162,1e-07,1e-07,1e-07,8,10000,
58,50,0.162,0.2,0.874758,0.874802,8.52284,10000,
58,50,0.162,0.4,3.47919,3.47919,9.11075,10000,
58,50,0.162,0.6,5.95415,5.95408,9.71523,10000,
58,50,0.162,0.8,8.06567,8.06557,10.311,10000,
58,50,0.162,1,9.86436,9.86425,10.8917,10000,
58,50,0.2,1e-07,1e-07,1e-07,8,10000,
58,50,0.2,0.2,1.98977,1.9898,8.5776,10000,
58,50,0.2,0.4,5.53302,5.53295,9.28029,10000,
58,50,0.2,0.6,8.42059,8.42051,9.98338,10000,
58,50,0.2,0.8,10.7726,10.7725,10.6637,10000,
58,50,0.2,1,12.7453,12.7453,11.3172,10000,
58.5,50,0.0100001,1e-07,1e-07,1e-07,8.5,10000,
58.5,50,0.0100001,0.2,1e-07,1e-07,8.99751,10000,
58.5,50,0.0100001,0.4,1e-07,1e-07,9.49007,10000,
58.5,50,0.0100001,0.6,1e-07,1e-07,9.97773,10000,
58.5,50,0.0100001,0.8,1e-07,1e-07,10.4605,10000,
58.5,50,0.0100001,1,1e-07,1e-07,10.9385,10000,
58.5,50,0.0480001,1e-07,1e-07,1e-07,8.5,10000,
58.5,50,0.0480001,0.2,1.00001e-07,1e-07,8.99755,10000,
58.5,50,0.0480001,0.4,6.60484e-07,6.54934e-07,9.49015,10000,
58.5,50,0.0480001,0.6,5.29825e-05,5.26681e-05,9.9779,10000,
58.5,50,0.0480001,0.8,0.000506476,0.000504419,10.4608,10000,
58.5,50,0.0480001,1,0.00192503,0.00191918,10.939,10000,
58.5,50,0.0860001,1e-07,1e-07,1e-07,8.5,10000,
58.5,50,0.0860001,0.2,0.000772664,0.000770237,8.99783,10000,
58.5,50,0.0860001,0.4,0.0677403,0.0677056,9.49236,10000,
58.5,50,0.0860001,0.6,0.319941,0.319912,9.98361,10000,
58.5,50,0.0860001,0.8,0.711479,0.711488,10.4718,10000,
58.5,50,0.0860001,1,1.16043,1.16048,10.9564,10000,
58.5,50,0.124,1e-07,1e-07,1e-07,8.5,10000,
58.5,50,0.124,0.2,0.10298,0.102955,9.00087,10000,
58.5,50,0.124,0.4,1.05723,1.05729,9.51333,10000,
58.5,50,0.124,0.6,2.47126,2.47134,10.0351,10000,
58.5,50,0.124,0.8,3.89977,3.89982,10.5575,10000,
58.5,50,0.124,1,5.21345,5.21346,11.075,10000,
58.5,50,0.162,1e-07,1e-07,1e-07,8.5,10000,
58.5,50,0.162,0.2,0.673269,0.673303,9.01685,10000,
58.5,50,0.162,0.4,3.03396,3.03398,9.5909,10000,
58.5,50,0.162,0.6,5.41287,5.41282,10.1841,10000,
58.5,50,0.162,0.8,7.48664,7.48654,10.7723,10000,
58.5,50,0.162,1,9.27125,9.27114,11.3483,10000,
58.5,50,0.2,1e-07,1e-07,1e-07,8.5,10000,
58.5,50,0.2,0.2,1.67821,1.67825,9.06224,10000,
58.5,50,0.2,0.4,5.06507,5.06501,9.74335,10000,
58.5,50,0.2,0.6,7.92184,7.92176,10.433,10000,
58.5,50,0.2,0.8,10.2738,10.2738,11.1044,10000,
58.5,50,0.2,1,12.2553,12.2552,11.752,10000,
59,50,0.0100001,1e-07,1e-07,1e-07,9,10000,
59,50,0.0100001,0.2,1e-07,1e-07,9.49751,10000,
59,50,0.0100001,0.4,1e-07,1e-07,9.99007,10000,
59,50,0.0100001,0.6,1e-07,1e-07,10.4777,10000,
59,50,0.0100001,0.8,1e-07,1e-07,10.9605,10000,
59,50,0.0100001,1,1e-07,1e-07,11.4385,10000,
59,50,0.0480001,1e-07,1e-07,1e-07,9,10000,
59,50,0.0480001,0.2,1e-07,1e-07,9.49755,10000,
59,50,0.0480001,0.4,2.0555e-07,2.0516e-07,9.99015,10000,
59,50,0.0480001,0.6,1.64602e-05,1.63451e-05,10.4779,10000,
59,50,0.0480001,0.8,0.000200888,0.000199908,10.9608,10000,
59,50,0.0480001,1,0.000885938,0.000882679,11.4389,10000,
59,50,0.0860001,1e-07,1e-07,1e-07,9,10000,
59,50,0.0860001,0.2,0.000289734,0.000288585,9.49778,10000,
59,50,0.0860001,0.4,0.0403864,0.0403563,9.99195,10000,
59,50,0.0860001,0.6,0.222646,0.222607,10.4823,10000,
59,50,0.0860001,0.8,0.534917,0.534904,10.9694,10000,
59,50,0.0860001,1,0.913881,0.913905,11.4528,10000,
59,50,0.124,1e-07,1e-07,1e-07,9,10000,
59,50,0.124,0.2,0.0643815,0.0643557,9.50017,10000,
59,50,0.124,0.4,0.826209,0.826248,10.0083,10000,
59,50,0.124,0.6,2.08037,2.08046,10.5248,10000,
59,50,0.124,0.8,3.40732,3.40739,11.0425,10000,
59,50,0.124,1,4.65789,4.65794,11.5563,10000,
59,50,0.162,1e-07,1e-07,1e-07,9,10000,
59,50,0.162,0.2,0.512198,0.512219,9.51233,10000,
59,50,0.162,0.4,2.63049,2.63054,10.0743,10000,
59,50,0.162,0.6,4.90209,4.90207,10.6565,10000,
59,50,0.162,0.8,6.92953,6.92945,11.2376,10000,
59,50,0.162,1,8.69427,8.69416,11.8083,10000,
59,50,0.2,1e-07,1e-07,1e-07,9,10000,
59,50,0.2,0.2,1.40465,1.4047,9.54985,10000,
59,50,0.2,0.4,4.61914,4.61909,10.2108,10000,
59,50,0.2,0.6,7.43394,7.43385,10.8881,10000,
59,50,0.2,0.8,9.7799,9.77982,11.5496,10000,
59,50,0.2,1,11.7666,11.7665,12.1913,10000,
59.5,50,0.0100001,1e-07,1e-07,1e-07,9.5,10000,
59.5,50,0.0100001,0.2,1e-07,1e-07,9.99751,10000,
59.5,50,0.0100001,0.4,1e-07,1e-07,10.4901,10000,
59.5,50,0.0100001,0.6,1e-07,1e-07,10.9777,10000,
59.5,50,0.0100001,0.8,1e-07,1e-07,11.4605,10000,
59.5,50,0.0100001,1,1e-07,1e-07,11.9385,10000,
59.5,50,0.0480001,1e-07,1e-07,1e-07,9.5,10000,
59.5,50,0.0480001,0.2,1e-07,1e-07,9.99755,10000,
59.5,50,0.0480001,0.4,1.18654e-07,1.17764e-07,10.4901,10000,
59.5,50,0.0480001,0.6,4.95395e-06,4.91393e-06,10.9778,10000,
59.5,50,0.0480001,0.8,7.72869e-05,7.68422e-05,11.4608,10000,
59.5,50,0.0480001,1,0.000397894,0.000396155,11.9389,10000,
59.5,50,0.0860001,1e-07,1e-07,1e-07,9.5,10000,
59.5,50,0.0860001,0.2,0.000104419,0.000103912,9.99774,10000,
59.5,50,0.0860001,0.4,0.0236059,0.0235818,10.4916,10000,
59.5,50,0.0860001,0.6,0.152929,0.152885,10.9815,10000,
59.5,50,0.0860001,0.8,0.398296,0.398266,11.4677,10000,
59.5,50,0.0860001,1,0.714228,0.714228,11.95,10000,
59.5,50,0.124,1e-07,1e-07,1e-07,9.5,10000,
59.5,50,0.124,0.2,0.0394813,0.0394576,9.9997,10000,
59.5,50,0.124,0.4,0.639532,0.639553,10.5043,10000,
59.5,50,0.124,0.6,1.74031,1.74039,11.0165,10000,
59.5,50,0.124,0.8,2.96317,2.96326,11.5297,10000,
59.5,50,0.124,1,4.14617,4.14624,12.0403,10000,
59.5,50,0.162,1e-07,1e-07,1e-07,9.5,10000,
59.5,50,0.162,0.2,0.385276,0.385283,10.0089,10000,
59.5,50,0.162,0.4,2.26793,2.26799,10.5601,10000,
59.5,50,0.162,0.6,4.4231,4.42309,11.1326,10000,
59.5,50,0.162,0.8,6.39624,6.39618,11.7065,10000,
59.5,50,0.162,1,8.13542,8.13532,12.2719,10000,
59.5,50,0.2,1e-07,1e-07,1e-07,9.5,10000,
59.5,50,0.2,0.2,1.16698,1.16703,10.0399,10000,
59.5,50,0.2,0.4,4.19694,4.19692,10.6821,10000,
59.5,50,0.2,0.6,6.95907,6.95898,11.3467,10000,
59.5,50,0.2,0.8,9.29279,9.2927,11.9993,10000,
59.5,50,0.2,1,11.281,11.2809,12.6352,10000,
60,50,0.0100001,1e-07,1e-07,1e-07,10,10000,
60,50,0.0100001,0.2,1e-07,1e-07,10.4975,10000,
60,50,0.0100001,0.4,1e-07,1e-07,10.9901,10000,
60,50,0.0100001,0.6,1e-07,1e-07,11.4777,10000,
60,50,0.0100001,0.8,1e-07,1e-07,11.9605,10000,
60,50,0.0100001,1,1e-07,1e-07,12.4385,10000,
60,50,0.0480001,1e-07,1e-07,1e-07,10,10000,
60,50,0.0480001,0.2,1e-07,1e-07,10.4975,10000,
60,50,0.0480001,0.4,1.03099e-07,1.03553e-07,10.9901,10000,
60,50,0.0480001,0.6,1.48269e-06,1.46851e-06,11.4778,10000,
60,50,0.0480001,0.8,2.88908e-05,2.86972e-05,11.9607,10000,
60,50,0.0480001,1,0.000174528,0.000173637,12.4388,10000,
60,50,0.0860001,1e-07,1e-07,1e-07,10,10000,
60,50,0.0860001,0.2,3.6236e-05,3.60243e-05,10.4977,10000,
60,50,0.0860001,0.4,0.0135343,0.0135161,10.9913,10000,
60,50,0.0860001,0.6,0.103717,0.103672,11.4809,10000,
60,50,0.0860001,0.8,0.29379,0.293748,11.9664,10000,
60,50,0.0860001,1,0.554052,0.554032,12.448,10000,
60,50,0.124,1e-07,1e-07,1e-07,10,10000,
60,50,0.124,0.2,0.0237611,0.0237412,10.4993,10000,
60,50,0.124,0.4,0.490455,0.490459,11.0013,10000,
60,50,0.124,0.6,1.44694,1.44702,11.5097,10000,
60,50,0.124,0.8,2.56522,2.56532,12.019,10000,
60,50,0.124,1,3.67741,3.6775,12.5262,10000,
60,50,0.162,1e-07,1e-07,1e-07,10,10000,
60,50,0.162,0.2,0.28663,0.286625,10.5064,10000,
60,50,0.162,0.4,1.94469,1.94476,11.0485,10000,
60,50,0.162,0.6,3.97654,3.97656,11.6121,10000,
60,50,0.162,0.8,5.8882,5.88816,12.1786,10000,
60,50,0.162,1,7.59634,7.59626,12.739,10000,
60,50,0.2,1e-07,1e-07,1e-07,10,10000,
60,50,0.2,0.2,0.962523,0.96257,10.532,10000,
60,50,0.2,0.4,3.79966,3.79965,11.1568,10000,
60,50,0.2,0.6,6.49905,6.49897,11.8092,10000,
60,50,0.2,0.8,8.81433,8.81423,12.4539,10000,
60,50,0.2,1,10.8004,10.8003,13.0827,10000,
