Spot, Strike, Vol, Expiry, BSC_An_Vega, BSC_Bumped_Vega, blank, blank 
40,50,0.0100001,1e-07,1e-07,1e-07,1e-07,
40,50,0.0100001,0.2,1e-07,1e-07,1e-07,
40,50,0.0100001,0.4,1e-07,1e-07,1e-07,
40,50,0.0100001,0.6,1e-07,1e-07,1e-07,
40,50,0.0100001,0.8,1e-07,1e-07,1e-07,
40,50,0.0100001,1,1e-07,1e-07,1e-07,
40,50,0.0480001,1e-07,1e-07,1e-07,1e-07,
40,50,0.0480001,0.2,1e-07,1e-07,1e-07,
40,50,0.0480001,0.4,1.02112e-07,1.02104e-07,1e-07,
40,50,0.0480001,0.6,1.8899e-05,1.87722e-05,1e-07,
40,50,0.0480001,0.8,0.00174856,0.00174352,1e-07,
40,50,0.0480001,1,0.0260025,0.0259738,1e-07,
40,50,0.0860001,1e-07,1e-07,1e-07,1e-07,
40,50,0.0860001,0.2,1.80027e-06,1.78583e-06,1e-07,
40,50,0.0860001,0.4,0.0104454,0.010431,1e-07,
40,50,0.0860001,0.6,0.203381,0.20335,1e-07,
40,50,0.0860001,0.8,0.918299,0.91834,1e-07,
40,50,0.0860001,1,2.29081,2.2909,1e-07,
40,50,0.124,1e-07,1e-07,1e-07,1e-07,
40,50,0.124,0.2,0.00491674,0.00490867,1e-07,
40,50,0.124,0.4,0.389751,0.389752,1e-07,
40,50,0.124,0.6,1.80067,1.80074,1e-07,
40,50,0.124,0.8,3.99488,3.99489,1e-07,
40,50,0.124,1,6.55178,6.5517,1e-07,
40,50,0.162,1e-07,1e-07,1e-07,1e-07,
40,50,0.162,0.2,0.104713,0.104694,1e-07,
40,50,0.162,0.4,1.56283,1.56288,1e-07,
40,50,0.162,0.6,4.15617,4.15614,1e-07,
40,50,0.162,0.8,7.01833,7.01825,1e-07,
40,50,0.162,1,9.79703,9.79698,1e-07,
40,50,0.2,1e-07,1e-07,1e-07,1e-07,
40,50,0.2,0.2,0.463666,0.463686,1e-07,
40,50,0.2,0.4,3.07027,3.07026,1e-07,
40,50,0.2,0.6,6.23965,6.23958,1e-07,
40,50,0.2,0.8,9.22442,9.22439,1e-07,
40,50,0.2,1,11.9029,11.9029,1e-07,
40.5,50,0.0100001,1e-07,1e-07,1e-07,1e-07,
40.5,50,0.0100001,0.2,1e-07,1e-07,1e-07,
40.5,50,0.0100001,0.4,1e-07,1e-07,1e-07,
40.5,50,0.0100001,0.6,1e-07,1e-07,1e-07,
40.5,50,0.0100001,0.8,1e-07,1e-07,1e-07,
40.5,50,0.0100001,1,1e-07,1e-07,1e-07,
40.5,50,0.0480001,1e-07,1e-07,1e-07,1e-07,
40.5,50,0.0480001,0.2,1e-07,1e-07,1e-07,
40.5,50,0.0480001,0.4,1.30214e-07,1.29545e-07,1e-07,
40.5,50,0.0480001,0.6,0.000101576,0.000101049,1e-07,
40.5,50,0.0480001,0.8,0.00579749,0.00578594,1e-07,
40.5,50,0.0480001,1,0.0643575,0.0643159,1e-07,
40.5,50,0.0860001,1e-07,1e-07,1e-07,1e-07,
40.5,50,0.0860001,0.2,9.8264e-06,9.75972e-06,1e-07,
40.5,50,0.0860001,0.4,0.02403,0.0240081,1e-07,
40.5,50,0.0860001,0.6,0.345359,0.345345,1e-07,
40.5,50,0.0860001,0.8,1.33971,1.33978,1e-07,
40.5,50,0.0860001,1,3.0511,3.05117,1e-07,
40.5,50,0.124,1e-07,1e-07,1e-07,1e-07,
40.5,50,0.124,0.2,0.0114131,0.0114002,1e-07,
40.5,50,0.124,0.4,0.583754,0.583777,1e-07,
40.5,50,0.124,0.6,2.33049,2.33055,1e-07,
40.5,50,0.124,0.8,4.80621,4.80618,1e-07,
40.5,50,0.124,1,7.54448,7.54438,1e-07,
40.5,50,0.162,1e-07,1e-07,1e-07,1e-07,
40.5,50,0.162,0.2,0.171947,0.171935,1e-07,
40.5,50,0.162,0.4,1.98526,1.98531,1e-07,
40.5,50,0.162,0.6,4.8466,4.84655,1e-07,
40.5,50,0.162,0.8,7.84146,7.84138,1e-07,
40.5,50,0.162,1,10.6686,10.6686,1e-07,
40.5,50,0.2,1e-07,1e-07,1e-07,1e-07,
40.5,50,0.2,0.2,0.643359,0.643391,1e-07,
40.5,50,0.2,0.4,3.59979,3.59976,1e-07,
40.5,50,0.2,0.6,6.91638,6.91632,1e-07,
40.5,50,0.2,0.8,9.94183,9.94183,1e-07,
40.5,50,0.2,1,12.6143,12.6144,1e-07,
41,50,0.0100001,1e-07,1e-07,1e-07,1e-07,
41,50,0.0100001,0.2,1e-07,1e-07,1e-07,
41,50,0.0100001,0.4,1e-07,1e-07,1e-07,
41,50,0.0100001,0.6,1e-07,1e-07,1e-07,
41,50,0.0100001,0.8,1e-07,1e-07,1e-07,
41,50,0.0100001,1,1e-07,1e-07,1e-07,
41,50,0.0480001,1e-07,1e-07,1e-07,1e-07,
41,50,0.0480001,0.2,1e-07,1e-07,1e-07,
41,50,0.0480001,0.4,4.54954e-07,4.51483e-07,1e-07,
41,50,0.0480001,0.6,0.00048096,0.000479116,1e-07,
41,50,0.0480001,0.8,0.0174474,0.017425,1e-07,
41,50,0.0480001,1,0.147502,0.147455,1e-07,
41,50,0.0860001,1e-07,1e-07,1e-07,1e-07,
41,50,0.0860001,0.2,4.92603e-05,4.89959e-05,1e-07,
41,50,0.0860001,0.4,0.051988,0.0519595,1e-07,
41,50,0.0860001,0.6,0.563099,0.563111,1e-07,
41,50,0.0860001,0.8,1.8963,1.89638,1e-07,
41,50,0.0860001,1,3.96734,3.96738,1e-07,
41,50,0.124,1e-07,1e-07,1e-07,1e-07,
41,50,0.124,0.2,0.0249605,0.0249425,1e-07,
41,50,0.124,0.4,0.848836,0.848879,1e-07,
41,50,0.124,0.6,2.95771,2.95774,1e-07,
41,50,0.124,0.8,5.69859,5.69852,1e-07,
41,50,0.124,1,8.58753,8.58744,1e-07,
41,50,0.162,1e-07,1e-07,1e-07,1e-07,
41,50,0.162,0.2,0.272654,0.272654,1e-07,
41,50,0.162,0.4,2.47846,2.47849,1e-07,
41,50,0.162,0.6,5.58707,5.587,1e-07,
41,50,0.162,0.8,8.6863,8.68625,1e-07,
41,50,0.162,1,11.5388,11.5388,1e-07,
41,50,0.2,1e-07,1e-07,1e-07,1e-07,
41,50,0.2,0.2,0.872433,0.872473,1e-07,
41,50,0.2,0.4,4.17271,4.17266,1e-07,
41,50,0.2,0.6,7.60865,7.6086,1e-07,
41,50,0.2,0.8,10.6546,10.6547,1e-07,
41,50,0.2,1,13.3083,13.3084,1e-07,
41.5,50,0.0100001,1e-07,1e-07,1e-07,1e-07,
41.5,50,0.0100001,0.2,1e-07,1e-07,1e-07,
41.5,50,0.0100001,0.4,1e-07,1e-07,1e-07,
41.5,50,0.0100001,0.6,1e-07,1e-07,1e-07,
41.5,50,0.0100001,0.8,1e-07,1e-07,1e-07,
41.5,50,0.0100001,1,1e-07,1e-07,1e-07,
41.5,50,0.0480001,1e-07,1e-07,1e-07,1e-07,
41.5,50,0.0480001,0.2,1e-07,1e-07,1e-07,
41.5,50,0.0480001,0.4,3.54754e-06,3.5193e-06,1e-07,
41.5,50,0.0480001,0.6,0.00200938,0.002004,1e-07,
41.5,50,0.0480001,0.8,0.0478181,0.0477827,1e-07,
41.5,50,0.0480001,1,0.313883,0.313849,1e-07,
41.5,50,0.0860001,1e-07,1e-07,1e-07,1e-07,
41.5,50,0.0860001,0.2,0.000220568,0.000219676,1e-07,
41.5,50,0.0860001,0.4,0.105996,0.105966,1e-07,
41.5,50,0.0860001,0.6,0.882789,0.882832,1e-07,
41.5,50,0.0860001,0.8,2.60688,2.60695,1e-07,
41.5,50,0.0860001,1,5.04058,5.04057,1e-07,
41.5,50,0.124,1e-07,1e-07,1e-07,1e-07,
41.5,50,0.124,0.2,0.0515356,0.0515141,1e-07,
41.5,50,0.124,0.4,1.19952,1.19958,1e-07,
41.5,50,0.124,0.6,3.6834,3.6834,1e-07,
41.5,50,0.124,0.8,6.66218,6.66209,1e-07,
41.5,50,0.124,1,9.66607,9.66601,1e-07,
41.5,50,0.162,1e-07,1e-07,1e-07,1e-07,
41.5,50,0.162,0.2,0.417995,0.418011,1e-07,
41.5,50,0.162,0.4,3.04273,3.04273,1e-07,
41.5,50,0.162,0.6,6.36951,6.36943,1e-07,
41.5,50,0.162,0.8,9.54282,9.5428,1e-07,
41.5,50,0.162,1,12.3981,12.3982,1e-07,
41.5,50,0.2,1e-07,1e-07,1e-07,1e-07,
41.5,50,0.2,0.2,1.15713,1.15717,1e-07,
41.5,50,0.2,0.4,4.78376,4.7837,1e-07,
41.5,50,0.2,0.6,8.30919,8.30917,1e-07,
41.5,50,0.2,0.8,11.3564,11.3564,1e-07,
41.5,50,0.2,1,13.9796,13.9797,1e-07,
42,50,0.0100001,1e-07,1e-07,1e-07,1e-07,
42,50,0.0100001,0.2,1e-07,1e-07,1e-07,
42,50,0.0100001,0.4,1e-07,1e-07,1e-07,
42,50,0.0100001,0.6,1e-07,1e-07,1e-07,
42,50,0.0100001,0.8,1e-07,1e-07,1e-07,
42,50,0.0100001,1,1e-07,1e-07,1e-07,
42,50,0.0480001,1e-07,1e-07,1e-07,1e-07,
42,50,0.0480001,0.2,1.00002e-07,1.00002e-07,1e-07,
42,50,0.0480001,0.4,2.79626e-05,2.77887e-05,1e-07,
42,50,0.0480001,0.6,0.00743527,0.00742234,1e-07,
42,50,0.0480001,0.8,0.119732,0.119689,1e-07,
42,50,0.0480001,1,0.621741,0.621744,1e-07,
42,50,0.0860001,1e-07,1e-07,1e-07,1e-07,
42,50,0.0860001,0.2,0.000880953,0.000878395,1e-07,
42,50,0.0860001,0.4,0.204074,0.204052,1e-07,
42,50,0.0860001,0.6,1.33251,1.33257,1e-07,
42,50,0.0860001,0.8,3.4841,3.48413,1e-07,
42,50,0.0860001,1,6.26244,6.26237,1e-07,
42,50,0.124,1e-07,1e-07,1e-07,1e-07,
42,50,0.124,0.2,0.10065,0.10063,1e-07,
42,50,0.124,0.4,1.64894,1.64899,1e-07,
42,50,0.124,0.6,4.50411,4.50407,1e-07,
42,50,0.124,0.8,7.68348,7.68339,1e-07,
42,50,0.124,1,10.7632,10.7632,1e-07,
42,50,0.162,1e-07,1e-07,1e-07,1e-07,
42,50,0.162,0.2,0.620252,0.620283,1e-07,
42,50,0.162,0.4,3.67542,3.67539,1e-07,
42,50,0.162,0.6,7.18399,7.18393,1e-07,
42,50,0.162,0.8,10.4003,10.4003,1e-07,
42,50,0.162,1,13.2369,13.237,1e-07,
42,50,0.2,1e-07,1e-07,1e-07,1e-07,
42,50,0.2,0.2,1.50221,1.50224,1e-07,
42,50,0.2,0.4,5.42616,5.4261,1e-07,
42,50,0.2,0.6,9.01033,9.01034,1e-07,
42,50,0.2,0.8,12.0407,12.0408,1e-07,
42,50,0.2,1,14.6232,14.6233,1e-07,
42.5,50,0.0100001,1e-07,1e-07,1e-07,1e-07,
42.5,50,0.0100001,0.2,1e-07,1e-07,1e-07,
42.5,50,0.0100001,0.4,1e-07,1e-07,1e-07,
42.5,50,0.0100001,0.6,1e-07,1e-07,1e-07,
42.5,50,0.0100001,0.8,1e-07,1e-07,1e-07,
42.5,50,0.0100001,1,1e-07,1e-07,1e-07,
42.5,50,0.0480001,1e-07,1e-07,1e-07,1e-07,
42.5,50,0.0480001,0.2,1.00089e-07,1.00092e-07,1e-07,
42.5,50,0.0480001,0.4,0.000188638,0.000187792,1e-07,
42.5,50,0.0480001,0.6,0.0244656,0.0244407,1e-07,
42.5,50,0.0480001,0.8,0.274737,0.274704,1e-07,
42.5,50,0.0480001,1,1.14916,1.14921,1e-07,
42.5,50,0.0860001,1e-07,1e-07,1e-07,1e-07,
42.5,50,0.0860001,0.2,0.00314768,0.00314151,1e-07,
42.5,50,0.0860001,0.4,0.371738,0.371736,1e-07,
42.5,50,0.0860001,0.6,1.93899,1.93906,1e-07,
42.5,50,0.0860001,0.8,4.53133,4.53132,1e-07,
42.5,50,0.0860001,1,7.61407,7.61397,1e-07,
42.5,50,0.124,1e-07,1e-07,1e-07,1e-07,
42.5,50,0.124,0.2,0.186286,0.186274,1e-07,
42.5,50,0.124,0.4,2.20707,2.20711,1e-07,
42.5,50,0.124,0.6,5.41131,5.41124,1e-07,
42.5,50,0.124,0.8,8.74565,8.74559,1e-07,
42.5,50,0.124,1,11.8604,11.8604,1e-07,
42.5,50,0.162,1e-07,1e-07,1e-07,1e-07,
42.5,50,0.162,0.2,0.891823,0.891864,1e-07,
42.5,50,0.162,0.4,4.37071,4.37065,1e-07,
42.5,50,0.162,0.6,8.01902,8.01898,1e-07,
42.5,50,0.162,0.8,11.2475,11.2475,1e-07,
42.5,50,0.162,1,14.046,14.0461,1e-07,
42.5,50,0.2,1e-07,1e-07,1e-07,1e-07,
42.5,50,0.2,0.2,1.91024,1.91025,1e-07,
42.5,50,0.2,0.4,6.09178,6.09173,1e-07,
42.5,50,0.2,0.6,9.70414,9.70418,1e-07,
42.5,50,0.2,0.8,12.7013,12.7014,1e-07,
42.5,50,0.2,1,15.2346,15.2346,1e-07,
43,50,0.0100001,1e-07,1e-07,1e-07,1e-07,
43,50,0.0100001,0.2,1e-07,1e-07,1e-07,
43,50,0.0100001,0.4,1e-07,1e-07,1e-07,
43,50,0.0100001,0.6,1e-07,1e-07,1e-07,
43,50,0.0100001,0.8,1e-07,1e-07,1e-07,
43,50,0.0100001,1,1e-07,1e-07,1e-07,
43,50,0.0480001,1e-07,1e-07,1e-07,1e-07,
43,50,0.0480001,0.2,1.03718e-07,1.04067e-07,1e-07,
43,50,0.0480001,0.4,0.00107463,0.00107138,1e-07,
43,50,0.0480001,0.6,0.0718682,0.0718319,1e-07,
43,50,0.0480001,0.8,0.579403,0.579407,1e-07,
43,50,0.0480001,1,1.98652,1.98661,1e-07,
43,50,0.0860001,1e-07,1e-07,1e-07,1e-07,
43,50,0.0860001,0.2,0.0100968,0.0100845,1e-07,
43,50,0.0860001,0.4,0.641857,0.641884,1e-07,
43,50,0.0860001,0.6,2.72339,2.72344,1e-07,
43,50,0.0860001,0.8,5.7402,5.74013,1e-07,
43,50,0.0860001,1,9.06604,9.06595,1e-07,
43,50,0.124,1e-07,1e-07,1e-07,1e-07,
43,50,0.124,0.2,0.32733,0.327336,1e-07,
43,50,0.124,0.4,2.87892,2.87893,1e-07,
43,50,0.124,0.6,6.39125,6.39117,1e-07,
43,50,0.124,0.8,9.82902,9.829,1e-07,
43,50,0.124,1,12.9383,12.9384,1e-07,
43,50,0.162,1e-07,1e-07,1e-07,1e-07,
43,50,0.162,0.2,1.24383,1.24386,1e-07,
43,50,0.162,0.4,5.11945,5.11939,1e-07,
43,50,0.162,0.6,8.86182,8.86182,1e-07,
43,50,0.162,0.8,12.0732,12.0733,1e-07,
43,50,0.162,1,14.8162,14.8163,1e-07,
43,50,0.2,1e-07,1e-07,1e-07,1e-07,
43,50,0.2,0.2,2.38098,2.38097,1e-07,
43,50,0.2,0.4,6.77132,6.77129,1e-07,
43,50,0.2,0.6,10.3826,10.3827,1e-07,
43,50,0.2,0.8,13.3324,13.3325,1e-07,
43,50,0.2,1,15.8094,15.8095,1e-07,
43.5,50,0.0100001,1e-07,1e-07,1e-07,1e-07,
43.5,50,0.0100001,0.2,1e-07,1e-07,1e-07,
43.5,50,0.0100001,0.4,1e-07,1e-07,1e-07,
43.5,50,0.0100001,0.6,1e-07,1e-07,1e-07,
43.5,50,0.0100001,0.8,1e-07,1e-07,1e-07,
43.5,50,0.0100001,1,1e-07,1e-07,1e-07,
43.5,50,0.0480001,1e-07,1e-07,1e-07,1e-07,
43.5,50,0.0480001,0.2,2.10704e-07,2.09396e-07,1e-07,
43.5,50,0.0480001,0.4,0.00518753,0.00517787,1e-07,
43.5,50,0.0480001,0.6,0.18918,0.189146,1e-07,
43.5,50,0.0480001,0.8,1.12622,1.12627,1e-07,
43.5,50,0.0480001,1,3.21897,3.21904,1e-07,
43.5,50,0.0860001,1e-07,1e-07,1e-07,1e-07,
43.5,50,0.0860001,0.2,0.0291784,0.029159,1e-07,
43.5,50,0.0860001,0.4,1.05236,1.05241,1e-07,
43.5,50,0.0860001,0.6,3.69643,3.69643,1e-07,
43.5,50,0.0860001,0.8,7.0888,7.08871,1e-07,
43.5,50,0.0860001,1,10.5791,10.579,1e-07,
43.5,50,0.124,1e-07,1e-07,1e-07,1e-07,
43.5,50,0.124,0.2,0.546986,0.547013,1e-07,
43.5,50,0.124,0.4,3.66283,3.66281,1e-07,
43.5,50,0.124,0.6,7.42515,7.42509,1e-07,
43.5,50,0.124,0.8,10.9118,10.9118,1e-07,
43.5,50,0.124,1,13.9773,13.9774,1e-07,
43.5,50,0.162,1e-07,1e-07,1e-07,1e-07,
43.5,50,0.162,0.2,1.6844,1.68443,1e-07,
43.5,50,0.162,0.4,5.90934,5.90929,1e-07,
43.5,50,0.162,0.6,9.69873,9.69877,1e-07,
43.5,50,0.162,0.8,12.8663,12.8664,1e-07,
43.5,50,0.162,1,15.5393,15.5394,1e-07,
43.5,50,0.2,1e-07,1e-07,1e-07,1e-07,
43.5,50,0.2,0.2,2.91084,2.91081,1e-07,
43.5,50,0.2,0.4,7.45456,7.45456,1e-07,
43.5,50,0.2,0.6,11.0378,11.0379,1e-07,
43.5,50,0.2,0.8,13.9284,13.9284,1e-07,
43.5,50,0.2,1,16.3439,16.3439,1e-07,
44,50,0.0100001,1e-07,1e-07,1e-07,1e-07,
44,50,0.0100001,0.2,1e-07,1e-07,1e-07,
44,50,0.0100001,0.4,1e-07,1e-07,1e-07,
44,50,0.0100001,0.6,1e-07,1e-07,1e-07,
44,50,0.0100001,0.8,1e-07,1e-07,1e-07,
44,50,0.0100001,1,1.00001e-07,1.00001e-07,1e-07,
44,50,0.0480001,1e-07,1e-07,1e-07,1e-07,
44,50,0.0480001,0.2,2.48461e-06,2.46508e-06,1e-07,
44,50,0.0480001,0.4,0.0213287,0.0213075,1e-07,
44,50,0.0480001,0.6,0.447856,0.447852,1e-07,
44,50,0.0480001,0.8,2.02308,2.02316,1e-07,
44,50,0.0480001,1,4.89984,4.89983,1e-07,
44,50,0.0860001,1e-07,1e-07,1e-07,1e-07,
44,50,0.0860001,0.2,0.0762262,0.0762041,1e-07,
44,50,0.0860001,0.4,1.64115,1.64121,1e-07,
44,50,0.0860001,0.6,4.85379,4.85374,1e-07,
44,50,0.0860001,0.8,8.5414,8.54132,1e-07,
44,50,0.0860001,1,12.1059,12.106,1e-07,
44,50,0.124,1e-07,1e-07,1e-07,1e-07,
44,50,0.124,0.2,0.870695,0.870736,1e-07,
44,50,0.124,0.4,4.54918,4.54912,1e-07,
44,50,0.124,0.6,8.48977,8.48975,1e-07,
44,50,0.124,0.8,11.9708,11.9709,1e-07,
44,50,0.124,1,14.958,14.9581,1e-07,
44,50,0.162,1e-07,1e-07,1e-07,1e-07,
44,50,0.162,0.2,2.21696,2.21696,1e-07,
44,50,0.162,0.4,6.72524,6.72521,1e-07,
44,50,0.162,0.6,10.5156,10.5157,1e-07,
44,50,0.162,0.8,13.616,13.6161,1e-07,
44,50,0.162,1,16.2074,16.2074,1e-07,
44,50,0.2,1e-07,1e-07,1e-07,1e-07,
44,50,0.2,0.2,3.49263,3.49258,1e-07,
44,50,0.2,0.4,8.13069,8.13073,1e-07,
44,50,0.2,0.6,11.6622,11.6623,1e-07,
44,50,0.2,0.8,14.4841,14.4841,1e-07,
44,50,0.2,1,16.8347,16.8346,1e-07,
44.5,50,0.0100001,1e-07,1e-07,1e-07,1e-07,
44.5,50,0.0100001,0.2,1e-07,1e-07,1e-07,
44.5,50,0.0100001,0.4,1e-07,1e-07,1e-07,
44.5,50,0.0100001,0.6,1e-07,1e-07,1e-07,
44.5,50,0.0100001,0.8,1e-07,1e-07,1e-07,
44.5,50,0.0100001,1,1.04479e-07,1.04509e-07,1e-07,
44.5,50,0.0480001,1e-07,1e-07,1e-07,1e-07,
44.5,50,0.0480001,0.2,3.76475e-05,3.7435e-05,1e-07,
44.5,50,0.0480001,0.4,0.0750799,0.0750486,1e-07,
44.5,50,0.0480001,0.6,0.956822,0.956869,1e-07,
44.5,50,0.0480001,0.8,3.36722,3.36727,1e-07,
44.5,50,0.0480001,1,7.0207,7.02062,1e-07,
44.5,50,0.0860001,1e-07,1e-07,1e-07,1e-07,
44.5,50,0.0860001,0.2,0.180607,0.180594,1e-07,
44.5,50,0.0860001,0.4,2.43838,2.43841,1e-07,
44.5,50,0.0860001,0.6,6.17272,6.17264,1e-07,
44.5,50,0.0860001,0.8,10.0495,10.0495,1e-07,
44.5,50,0.0860001,1,13.594,13.5941,1e-07,
44.5,50,0.124,1e-07,1e-07,1e-07,1e-07,
44.5,50,0.124,0.2,1.32233,1.32237,1e-07,
44.5,50,0.124,0.4,5.51973,5.51966,1e-07,
44.5,50,0.124,0.6,9.55839,9.55841,1e-07,
44.5,50,0.124,0.8,12.9827,12.9828,1e-07,
44.5,50,0.124,1,15.8623,15.8624,1e-07,
44.5,50,0.162,1e-07,1e-07,1e-07,1e-07,
44.5,50,0.162,0.2,2.83855,2.83853,1e-07,
44.5,50,0.162,0.4,7.5497,7.5497,1e-07,
44.5,50,0.162,0.6,11.2984,11.2985,1e-07,
44.5,50,0.162,0.8,14.3124,14.3124,1e-07,
44.5,50,0.162,1,16.8138,16.8137,1e-07,
44.5,50,0.2,1e-07,1e-07,1e-07,1e-07,
44.5,50,0.2,0.2,4.11549,4.11545,1e-07,
44.5,50,0.2,0.4,8.78864,8.7887,1e-07,
44.5,50,0.2,0.6,12.2485,12.2485,1e-07,
44.5,50,0.2,0.8,14.9951,14.9951,1e-07,
44.5,50,0.2,1,17.2789,17.2788,1e-07,
45,50,0.0100001,1e-07,1e-07,1e-07,1e-07,
45,50,0.0100001,0.2,1e-07,1e-07,1e-07,
45,50,0.0100001,0.4,1e-07,1e-07,1e-07,
45,50,0.0100001,0.6,1e-07,1e-07,1e-07,
45,50,0.0100001,0.8,1.00042e-07,1.00043e-07,1e-07,
45,50,0.0100001,1,4.18356e-06,4.14915e-06,1e-07,
45,50,0.0480001,1e-07,1e-07,1e-07,1e-07,
45,50,0.0480001,0.2,0.000436658,0.000435129,1e-07,
45,50,0.0480001,0.4,0.227412,0.227391,1e-07,
45,50,0.0480001,0.6,1.85097,1.85104,1e-07,
45,50,0.0480001,0.8,5.20567,5.20563,1e-07,
45,50,0.0480001,1,9.48788,9.48779,1e-07,
45,50,0.0860001,1e-07,1e-07,1e-07,1e-07,
45,50,0.0860001,0.2,0.389328,0.38934,1e-07,
45,50,0.0860001,0.4,3.45703,3.45701,1e-07,
45,50,0.0860001,0.6,7.61059,7.61053,1e-07,
45,50,0.0860001,0.8,11.5546,11.5547,1e-07,
45,50,0.0860001,1,14.9886,14.9887,1e-07,
45,50,0.124,1e-07,1e-07,1e-07,1e-07,
45,50,0.124,0.2,1.91891,1.91893,1e-07,
45,50,0.124,0.4,6.54785,6.54781,1e-07,
45,50,0.124,0.6,10.602,10.6021,1e-07,
45,50,0.124,0.8,13.9245,13.9245,1e-07,
45,50,0.124,1,16.6735,16.6735,1e-07,
45,50,0.162,1e-07,1e-07,1e-07,1e-07,
45,50,0.162,0.2,3.53874,3.5387,1e-07,
45,50,0.162,0.4,8.36365,8.36369,1e-07,
45,50,0.162,0.6,12.0334,12.0335,1e-07,
45,50,0.162,0.8,14.9464,14.9464,1e-07,
45,50,0.162,1,17.3524,17.3524,1e-07,
45,50,0.2,1e-07,1e-07,1e-07,1e-07,
45,50,0.2,0.2,4.76517,4.76515,1e-07,
45,50,0.2,0.4,9.41739,9.41746,1e-07,
45,50,0.2,0.6,12.7901,12.7902,1e-07,
45,50,0.2,0.8,15.4573,15.4573,1e-07,
45,50,0.2,1,17.674,17.6739,1e-07,
45.5,50,0.0100001,1e-07,1e-07,1e-07,1e-07,
45.5,50,0.0100001,0.2,1e-07,1e-07,1e-07,
45.5,50,0.0100001,0.4,1e-07,1e-07,1e-07,
45.5,50,0.0100001,0.6,1e-07,1e-07,1e-07,
45.5,50,0.0100001,0.8,2.644e-07,2.62864e-07,1e-07,
45.5,50,0.0100001,1,0.00101166,0.00100817,1e-07,
45.5,50,0.0480001,1e-07,1e-07,1e-07,1e-07,
45.5,50,0.0480001,0.2,0.00378462,0.00377759,1e-07,
45.5,50,0.0480001,0.4,0.595562,0.595584,1e-07,
45.5,50,0.0480001,0.6,3.25256,3.25259,1e-07,
45.5,50,0.0480001,0.8,7.4931,7.49301,1e-07,
45.5,50,0.0480001,1,12.1163,12.1163,1e-07,
45.5,50,0.0860001,1e-07,1e-07,1e-07,1e-07,
45.5,50,0.0860001,0.2,0.765885,0.765924,1e-07,
45.5,50,0.0860001,0.4,4.68388,4.68382,1e-07,
45.5,50,0.0860001,0.6,9.10624,9.10623,1e-07,
45.5,50,0.0860001,0.8,12.9923,12.9924,1e-07,
45.5,50,0.0860001,1,16.2366,16.2366,1e-07,
45.5,50,0.124,1e-07,1e-07,1e-07,1e-07,
45.5,50,0.124,0.2,2.66467,2.66465,1e-07,
45.5,50,0.124,0.4,7.59959,7.5996,1e-07,
45.5,50,0.124,0.6,11.5908,11.5909,1e-07,
45.5,50,0.124,0.8,14.7748,14.7748,1e-07,
45.5,50,0.124,1,17.3772,17.3771,1e-07,
45.5,50,0.162,1e-07,1e-07,1e-07,1e-07,
45.5,50,0.162,0.2,4.29916,4.29912,1e-07,
45.5,50,0.162,0.4,9.14727,9.14733,1e-07,
45.5,50,0.162,0.6,12.7079,12.7079,1e-07,
45.5,50,0.162,0.8,15.51,15.51,1e-07,
45.5,50,0.162,1,17.8186,17.8185,1e-07,
45.5,50,0.2,1e-07,1e-07,1e-07,1e-07,
45.5,50,0.2,0.2,5.42459,5.42459,1e-07,
45.5,50,0.2,0.4,10.0063,10.0064,1e-07,
45.5,50,0.2,0.6,13.2812,13.2812,1e-07,
45.5,50,0.2,0.8,15.8674,15.8674,1e-07,
45.5,50,0.2,1,18.0183,18.0182,1e-07,
46,50,0.0100001,1e-07,1e-07,1e-07,1e-07,
46,50,0.0100001,0.2,1e-07,1e-07,1e-07,
46,50,0.0100001,0.4,1e-07,1e-07,1e-07,
46,50,0.0100001,0.6,1.0071e-07,1.00691e-07,1e-07,
46,50,0.0100001,0.8,0.000130819,0.000130147,1e-07,
46,50,0.0100001,1,0.0709857,0.0709412,1e-07,
46,50,0.0480001,1e-07,1e-07,1e-07,1e-07,
46,50,0.0480001,0.2,0.0246908,0.0246721,1e-07,
46,50,0.0480001,0.4,1.35479,1.35485,1e-07,
46,50,0.0480001,0.6,5.2077,5.20764,1e-07,
46,50,0.0480001,0.8,10.0651,10.0651,1e-07,
46,50,0.0480001,1,14.6477,14.6478,1e-07,
46,50,0.0860001,1e-07,1e-07,1e-07,1e-07,
46,50,0.0860001,0.2,1.37891,1.37895,1e-07,
46,50,0.0860001,0.4,6.07344,6.07338,1e-07,
46,50,0.0860001,0.6,10.5841,10.5842,1e-07,
46,50,0.0860001,0.8,14.297,14.297,1e-07,
46,50,0.0860001,1,17.2901,17.2901,1e-07,
46,50,0.124,1e-07,1e-07,1e-07,1e-07,
46,50,0.124,0.2,3.54579,3.54574,1e-07,
46,50,0.124,0.4,8.63563,8.63568,1e-07,
46,50,0.124,0.6,12.4957,12.4958,1e-07,
46,50,0.124,0.8,15.5147,15.5146,1e-07,
46,50,0.124,1,17.9616,17.9615,1e-07,
46,50,0.162,1e-07,1e-07,1e-07,1e-07,
46,50,0.162,0.2,5.09397,5.09396,1e-07,
46,50,0.162,0.4,9.88082,9.88088,1e-07,
46,50,0.162,0.6,13.3102,13.3102,1e-07,
46,50,0.162,0.8,15.9966,15.9966,1e-07,
46,50,0.162,1,18.2084,18.2083,1e-07,
46,50,0.2,1e-07,1e-07,1e-07,1e-07,
46,50,0.2,0.2,6.07463,6.07466,1e-07,
46,50,0.2,0.4,10.5456,10.5456,1e-07,
46,50,0.2,0.6,13.7167,13.7166,1e-07,
46,50,0.2,0.8,16.2228,16.2227,1e-07,
46,50,0.2,1,18.3103,18.3103,1e-07,
46.5,50,0.0100001,1e-07,1e-07,1e-07,1e-07,
46.5,50,0.0100001,0.2,1e-07,1e-07,1e-07,
46.5,50,0.0100001,0.4,1e-07,1e-07,1e-07,
46.5,50,0.0100001,0.6,4.15394e-06,4.12079e-06,1e-07,
46.5,50,0.0100001,0.8,0.0222572,0.0222312,1e-07,
46.5,50,0.0100001,1,1.46904,1.46911,1e-07,
46.5,50,0.0480001,1e-07,1e-07,1e-07,1e-07,
46.5,50,0.0480001,0.2,0.122319,0.122299,1e-07,
46.5,50,0.0480001,0.4,2.68894,2.68897,1e-07,
46.5,50,0.0480001,0.6,7.61969,7.61963,1e-07,
46.5,50,0.0480001,0.8,12.6445,12.6446,1e-07,
46.5,50,0.0480001,1,16.7929,16.7929,1e-07,
46.5,50,0.0860001,1e-07,1e-07,1e-07,1e-07,
46.5,50,0.0860001,0.2,2.27849,2.27849,1e-07,
46.5,50,0.0860001,0.4,7.54733,7.54733,1e-07,
46.5,50,0.0860001,0.6,11.9608,11.9609,1e-07,
46.5,50,0.0860001,0.8,15.4073,15.4073,1e-07,
46.5,50,0.0860001,1,18.1095,18.1094,1e-07,
46.5,50,0.124,1e-07,1e-07,1e-07,1e-07,
46.5,50,0.124,0.2,4.52735,4.52731,1e-07,
46.5,50,0.124,0.4,9.6139,9.61397,1e-07,
46.5,50,0.124,0.6,13.29,13.29,1e-07,
46.5,50,0.124,0.8,16.1282,16.1281,1e-07,
46.5,50,0.124,1,18.4177,18.4176,1e-07,
46.5,50,0.162,1e-07,1e-07,1e-07,1e-07,
46.5,50,0.162,0.2,5.89128,5.8913,1e-07,
46.5,50,0.162,0.4,10.5456,10.5456,1e-07,
46.5,50,0.162,0.6,13.8304,13.8304,1e-07,
46.5,50,0.162,0.8,16.4009,16.4009,1e-07,
46.5,50,0.162,1,18.5193,18.5193,1e-07,
46.5,50,0.2,1e-07,1e-07,1e-07,1e-07,
46.5,50,0.2,0.2,6.69517,6.69522,1e-07,
46.5,50,0.2,0.4,11.0264,11.0263,1e-07,
46.5,50,0.2,0.6,14.0923,14.0923,1e-07,
46.5,50,0.2,0.8,16.5213,16.5213,1e-07,
46.5,50,0.2,1,18.5493,18.5494,1e-07,
47,50,0.0100001,1e-07,1e-07,1e-07,1e-07,
47,50,0.0100001,0.2,1e-07,1e-07,1e-07,
47,50,0.0100001,0.4,1.03662e-07,1.0386e-07,1e-07,
47,50,0.0100001,0.6,0.00310341,0.00309601,1e-07,
47,50,0.0100001,0.8,0.851915,0.851948,1e-07,
47,50,0.0100001,1,9.31856,9.31846,1e-07,
47,50,0.0480001,1e-07,1e-07,1e-07,1e-07,
47,50,0.0480001,0.2,0.464119,0.464138,1e-07,
47,50,0.0480001,0.4,4.67638,4.67632,1e-07,
47,50,0.0480001,0.6,10.2172,10.2172,1e-07,
47,50,0.0480001,0.8,14.8877,14.8877,1e-07,
47,50,0.0480001,1,18.2882,18.2881,1e-07,
47,50,0.0860001,1e-07,1e-07,1e-07,1e-07,
47,50,0.0860001,0.2,3.46465,3.4646,1e-07,
47,50,0.0860001,0.4,9.00035,9.00041,1e-07,
47,50,0.0860001,0.6,13.1536,13.1536,1e-07,
47,50,0.0860001,0.8,16.2712,16.2711,1e-07,
47,50,0.0860001,1,18.6657,18.6657,1e-07,
47,50,0.124,1e-07,1e-07,1e-07,1e-07,
47,50,0.124,0.2,5.55391,5.55391,1e-07,
47,50,0.124,0.4,10.4927,10.4927,1e-07,
47,50,0.124,0.6,13.9505,13.9504,1e-07,
47,50,0.124,0.8,16.603,16.603,1e-07,
47,50,0.124,1,18.7396,18.7397,1e-07,
47,50,0.162,1e-07,1e-07,1e-07,1e-07,
47,50,0.162,0.2,6.65536,6.6554,1e-07,
47,50,0.162,0.4,11.1247,11.1247,1e-07,
47,50,0.162,0.6,14.2606,14.2606,1e-07,
47,50,0.162,0.8,16.7191,16.7191,1e-07,
47,50,0.162,1,18.7497,18.7498,1e-07,
47,50,0.2,1e-07,1e-07,1e-07,1e-07,
47,50,0.2,0.2,7.26622,7.26626,1e-07,
47,50,0.2,0.4,11.441,11.4409,1e-07,
47,50,0.2,0.6,14.4049,14.4048,1e-07,
47,50,0.2,0.8,16.7617,16.7618,1e-07,
47,50,0.2,1,18.7348,18.7348,1e-07,
47.5,50,0.0100001,1e-07,1e-07,1e-07,1e-07,
47.5,50,0.0100001,0.2,1e-07,1e-07,1e-07,
47.5,50,0.0100001,0.4,5.88869e-05,5.85595e-05,1e-07,
47.5,50,0.0100001,0.6,0.339137,0.339117,1e-07,
47.5,50,0.0100001,0.8,7.68093,7.68083,1e-07,
47.5,50,0.0100001,1,18.8039,18.8038,1e-07,
47.5,50,0.0480001,1e-07,1e-07,1e-07,1e-07,
47.5,50,0.0480001,0.2,1.35998,1.36002,1e-07,
47.5,50,0.0480001,0.4,7.15556,7.15553,1e-07,
47.5,50,0.0480001,0.6,12.5895,12.5895,1e-07,
47.5,50,0.0480001,0.8,16.4617,16.4616,1e-07,
47.5,50,0.0480001,1,18.9497,18.9498,1e-07,
47.5,50,0.0860001,1e-07,1e-07,1e-07,1e-07,
47.5,50,0.0860001,0.2,4.86061,4.86058,1e-07,
47.5,50,0.0860001,0.4,10.3131,10.3132,1e-07,
47.5,50,0.0860001,0.6,14.0888,14.0888,1e-07,
47.5,50,0.0860001,0.8,16.85,16.8499,1e-07,
47.5,50,0.0860001,1,18.9424,18.9424,1e-07,
47.5,50,0.124,1e-07,1e-07,1e-07,1e-07,
47.5,50,0.124,0.2,6.55412,6.55417,1e-07,
47.5,50,0.124,0.4,11.2336,11.2336,1e-07,
47.5,50,0.124,0.6,14.4587,14.4587,1e-07,
47.5,50,0.124,0.8,16.931,16.931,1e-07,
47.5,50,0.124,1,18.9246,18.9246,1e-07,
47.5,50,0.162,1e-07,1e-07,1e-07,1e-07,
47.5,50,0.162,0.2,7.3495,7.34953,1e-07,
47.5,50,0.162,0.4,11.6039,11.6038,1e-07,
47.5,50,0.162,0.6,14.5947,14.5947,1e-07,
47.5,50,0.162,0.8,16.9489,16.949,1e-07,
47.5,50,0.162,1,18.8993,18.8993,1e-07,
47.5,50,0.2,1e-07,1e-07,1e-07,1e-07,
47.5,50,0.2,0.2,7.76905,7.76905,1e-07,
47.5,50,0.2,0.4,11.7834,11.7833,1e-07,
47.5,50,0.2,0.6,14.652,14.652,1e-07,
47.5,50,0.2,0.8,16.9433,16.9434,1e-07,
47.5,50,0.2,1,18.867,18.867,1e-07,
48,50,0.0100001,1e-07,1e-07,1e-07,1e-07,
48,50,0.0100001,0.2,1.00422e-07,1.00417e-07,1e-07,
48,50,0.0100001,0.4,0.0542085,0.0541781,1e-07,
48,50,0.0100001,0.6,5.61977,5.6197,1e-07,
48,50,0.0100001,0.8,17.0623,17.0623,1e-07,
48,50,0.0100001,1,12.5094,12.5094,1e-07,
48,50,0.0480001,1e-07,1e-07,1e-07,1e-07,
48,50,0.0480001,0.2,3.10212,3.10209,1e-07,
48,50,0.0480001,0.4,9.6716,9.67167,1e-07,
48,50,0.0480001,0.6,14.2924,14.2923,1e-07,
48,50,0.0480001,0.8,17.1275,17.1276,1e-07,
48,50,0.0480001,1,18.7109,18.7108,1e-07,
48,50,0.0860001,1e-07,1e-07,1e-07,1e-07,
48,50,0.0860001,0.2,6.30695,6.30698,1e-07,
48,50,0.0860001,0.4,11.3689,11.3689,1e-07,
48,50,0.0860001,0.6,14.7097,14.7097,1e-07,
48,50,0.0860001,0.8,17.121,17.121,1e-07,
48,50,0.0860001,1,18.9358,18.9358,1e-07,
48,50,0.124,1e-07,1e-07,1e-07,1e-07,
48,50,0.124,0.2,7.44922,7.44925,1e-07,
48,50,0.124,0.4,11.8049,11.8048,1e-07,
48,50,0.124,0.6,14.802,14.802,1e-07,
48,50,0.124,0.8,17.1078,17.1078,1e-07,
48,50,0.124,1,18.9729,18.973,1e-07,
48,50,0.162,1e-07,1e-07,1e-07,1e-07,
48,50,0.162,0.2,7.93912,7.9391,1e-07,
48,50,0.162,0.4,11.9719,11.9719,1e-07,
48,50,0.162,0.6,14.8288,14.8289,1e-07,
48,50,0.162,0.8,17.0894,17.0894,1e-07,
48,50,0.162,1,18.9687,18.9687,1e-07,
48,50,0.2,1e-07,1e-07,1e-07,1e-07,
48,50,0.2,0.2,8.18726,8.18723,1e-07,
48,50,0.2,0.4,12.049,12.049,1e-07,
48,50,0.2,0.6,14.8325,14.8326,1e-07,
48,50,0.2,0.8,17.0661,17.066,1e-07,
48,50,0.2,1,18.9465,18.9465,1e-07,
48.5,50,0.0100001,1e-07,1e-07,1e-07,1e-07,
48.5,50,0.0100001,0.2,0.000249527,0.000248531,1e-07,
48.5,50,0.0100001,0.4,3.13386,3.13387,1e-07,
48.5,50,0.0100001,0.6,14.9644,14.9645,1e-07,
48.5,50,0.0100001,0.8,9.75087,9.75081,1e-07,
48.5,50,0.0100001,1,2.8395,2.8396,1e-07,
48.5,50,0.0480001,1e-07,1e-07,1e-07,1e-07,
48.5,50,0.0480001,0.2,5.55052,5.55052,1e-07,
48.5,50,0.0480001,0.4,11.5912,11.5911,1e-07,
48.5,50,0.0480001,0.6,14.9871,14.9872,1e-07,
48.5,50,0.0480001,0.8,16.7997,16.7996,1e-07,
48.5,50,0.0480001,1,17.6318,17.6317,1e-07,
48.5,50,0.0860001,1e-07,1e-07,1e-07,1e-07,
48.5,50,0.0860001,0.2,7.5872,7.58723,1e-07,
48.5,50,0.0860001,0.4,12.0715,12.0715,1e-07,
48.5,50,0.0860001,0.6,14.9822,14.9823,1e-07,
48.5,50,0.0860001,0.8,17.079,17.079,1e-07,
48.5,50,0.0860001,1,18.655,18.6549,1e-07,
48.5,50,0.124,1e-07,1e-07,1e-07,1e-07,
48.5,50,0.124,0.2,8.16367,8.16364,1e-07,
48.5,50,0.124,0.4,12.1831,12.1831,1e-07,
48.5,50,0.124,0.6,14.9734,14.9734,1e-07,
48.5,50,0.124,0.8,17.1337,17.1337,1e-07,
48.5,50,0.124,1,18.8878,18.8878,1e-07,
48.5,50,0.162,1e-07,1e-07,1e-07,1e-07,
48.5,50,0.162,0.2,8.39475,8.3947,1e-07,
48.5,50,0.162,0.4,12.2214,12.2214,1e-07,
48.5,50,0.162,0.6,14.9613,14.9613,1e-07,
48.5,50,0.162,0.8,17.1413,17.1414,1e-07,
48.5,50,0.162,1,18.9594,18.9594,1e-07,
48.5,50,0.2,1e-07,1e-07,1e-07,1e-07,
48.5,50,0.2,0.2,8.50773,8.50768,1e-07,
48.5,50,0.2,0.4,12.2349,12.2349,1e-07,
48.5,50,0.2,0.6,14.9459,14.9459,1e-07,
48.5,50,0.2,0.8,17.1305,17.1305,1e-07,
48.5,50,0.2,1,18.9742,18.9743,1e-07,
49,50,0.0100001,1e-07,1e-07,1e-07,1e-07,
49,50,0.0100001,0.2,0.651082,0.651116,1e-07,
49,50,0.0100001,0.4,12.3582,12.3583,1e-07,
49,50,0.0100001,0.6,6.77115,6.77107,1e-07,
49,50,0.0100001,0.8,1.49454,1.49462,1e-07,
49,50,0.0100001,1,0.227314,0.227266,1e-07,
49,50,0.0480001,1e-07,1e-07,1e-07,1e-07,
49,50,0.0480001,0.2,7.84798,7.84799,1e-07,
49,50,0.0480001,0.4,12.3629,12.363,1e-07,
49,50,0.0480001,0.6,14.5513,14.5512,1e-07,
49,50,0.0480001,0.8,15.5625,15.5625,1e-07,
49,50,0.0480001,1,15.8792,15.8793,1e-07,
49,50,0.0860001,1e-07,1e-07,1e-07,1e-07,
49,50,0.0860001,0.2,8.48155,8.4815,1e-07,
49,50,0.0860001,0.4,12.3599,12.36,1e-07,
49,50,0.0860001,0.6,14.8976,14.8976,1e-07,
49,50,0.0860001,0.8,16.7358,16.7357,1e-07,
49,50,0.0860001,1,18.1203,18.1202,1e-07,
49,50,0.124,1e-07,1e-07,1e-07,1e-07,
49,50,0.124,0.2,8.63613,8.6361,1e-07,
49,50,0.124,0.4,12.3551,12.3551,1e-07,
49,50,0.124,0.6,14.9725,14.9725,1e-07,
49,50,0.124,0.8,17.0124,17.0124,1e-07,
49,50,0.124,1,18.6751,18.675,1e-07,
49,50,0.162,1e-07,1e-07,1e-07,1e-07,
49,50,0.162,0.2,8.69451,8.6945,1e-07,
49,50,0.162,0.4,12.3484,12.3484,1e-07,
49,50,0.162,0.6,14.9926,14.9926,1e-07,
49,50,0.162,0.8,17.1064,17.1064,1e-07,
49,50,0.162,1,18.874,18.874,1e-07,
49,50,0.2,1e-07,1e-07,1e-07,1e-07,
49,50,0.2,0.2,8.72121,8.72122,1e-07,
49,50,0.2,0.4,12.3399,12.3399,1e-07,
49,50,0.2,0.6,14.9928,14.9929,1e-07,
49,50,0.2,0.8,17.1378,17.1379,1e-07,
49,50,0.2,1,18.9515,18.9516,1e-07,
49.5,50,0.0100001,1e-07,1e-07,1e-07,1e-07,
49.5,50,0.0100001,0.2,8.83106,8.83111,1e-07,
49.5,50,0.0100001,0.4,3.6055,3.60549,1e-07,
49.5,50,0.0100001,0.6,0.549396,0.549401,1e-07,
49.5,50,0.0100001,0.8,0.0639495,0.0639085,1e-07,
49.5,50,0.0100001,1,0.00662559,0.0066121,1e-07,
49.5,50,0.0480001,1e-07,1e-07,1e-07,1e-07,
49.5,50,0.0480001,0.2,8.8311,8.83115,1e-07,
49.5,50,0.0480001,0.4,11.7763,11.7763,1e-07,
49.5,50,0.0480001,0.6,13.112,13.112,1e-07,
49.5,50,0.0480001,0.8,13.639,13.6391,1e-07,
49.5,50,0.0480001,1,13.6867,13.6867,1e-07,
49.5,50,0.0860001,1e-07,1e-07,1e-07,1e-07,
49.5,50,0.0860001,0.2,8.83,8.83003,1e-07,
49.5,50,0.0860001,0.4,12.2168,12.2168,1e-07,
49.5,50,0.0860001,0.6,14.4725,14.4724,1e-07,
49.5,50,0.0860001,0.8,16.1182,16.1181,1e-07,
49.5,50,0.0860001,1,17.3612,17.3612,1e-07,
49.5,50,0.124,1e-07,1e-07,1e-07,1e-07,
49.5,50,0.124,0.2,8.82824,8.82826,1e-07,
49.5,50,0.124,0.4,12.3184,12.3184,1e-07,
49.5,50,0.124,0.6,14.8044,14.8043,1e-07,
49.5,50,0.124,0.8,16.7515,16.7514,1e-07,
49.5,50,0.124,1,18.3428,18.3427,1e-07,
49.5,50,0.162,1e-07,1e-07,1e-07,1e-07,
49.5,50,0.162,0.2,8.82584,8.82586,1e-07,
49.5,50,0.162,0.4,12.3528,12.3529,1e-07,
49.5,50,0.162,0.6,14.925,14.925,1e-07,
49.5,50,0.162,0.8,16.9879,16.9878,1e-07,
49.5,50,0.162,1,18.7159,18.7158,1e-07,
49.5,50,0.2,1e-07,1e-07,1e-07,1e-07,
49.5,50,0.2,0.2,8.82281,8.82282,1e-07,
49.5,50,0.2,0.4,12.3644,12.3645,1e-07,
49.5,50,0.2,0.6,14.9746,14.9746,1e-07,
49.5,50,0.2,0.8,17.0896,17.0896,1e-07,
49.5,50,0.2,1,18.8801,18.8801,1e-07,
50,50,0.0100001,1e-07,nan,nan,1e-07,
50,50,0.0100001,0.2,0.728595,0.728633,1e-07,
50,50,0.0100001,0.4,0.0841575,0.0841244,1e-07,
50,50,0.0100001,0.6,0.0084185,0.00840412,1e-07,
50,50,0.0100001,0.8,0.000794044,0.000791186,1e-07,
50,50,0.0100001,1,7.25997e-05,7.21789e-05,1e-07,
50,50,0.0480001,1e-07,nan,nan,1e-07,
50,50,0.0480001,0.2,7.96296,7.96297,1e-07,
50,50,0.0480001,0.4,10.0524,10.0525,1e-07,
50,50,0.0480001,0.6,10.9899,10.99,1e-07,
50,50,0.0480001,0.8,11.3277,11.3278,1e-07,
50,50,0.0480001,1,11.3052,11.3051,1e-07,
50,50,0.0860001,1e-07,nan,nan,1e-07,
50,50,0.0860001,0.2,8.57953,8.57948,1e-07,
50,50,0.0860001,0.4,11.6693,11.6693,1e-07,
50,50,0.0860001,0.6,13.7455,13.7455,1e-07,
50,50,0.0860001,0.8,15.265,15.2651,1e-07,
50,50,0.0860001,1,16.4142,16.4143,1e-07,
50,50,0.124,1e-07,nan,nan,1e-07,
50,50,0.124,0.2,8.72962,8.72959,1e-07,
50,50,0.124,0.4,12.0812,12.0812,1e-07,
50,50,0.124,0.6,14.4796,14.4795,1e-07,
50,50,0.124,0.8,16.3616,16.3616,1e-07,
50,50,0.124,1,17.9012,17.9011,1e-07,
50,50,0.162,1e-07,nan,nan,1e-07,
50,50,0.162,0.2,8.78621,8.7862,1e-07,
50,50,0.162,0.4,12.2384,12.2383,1e-07,
50,50,0.162,0.6,14.763,14.7629,1e-07,
50,50,0.162,0.8,16.79,16.7899,1e-07,
50,50,0.162,1,18.489,18.4889,1e-07,
50,50,0.2,1e-07,nan,nan,1e-07,
50,50,0.2,0.2,8.81201,8.81202,1e-07,
50,50,0.2,0.4,12.3103,12.3103,1e-07,
50,50,0.2,0.6,14.8935,14.8934,1e-07,
50,50,0.2,0.8,16.9881,16.988,1e-07,
50,50,0.2,1,18.762,18.7619,1e-07,
50.5,50,0.0100001,1e-07,1e-07,1e-07,1e-07,
50.5,50,0.0100001,0.2,0.000425681,0.000424168,1e-07,
50.5,50,0.0100001,0.4,0.000169564,0.000168776,1e-07,
50.5,50,0.0100001,0.6,2.57081e-05,2.5541e-05,1e-07,
50.5,50,0.0100001,0.8,3.06838e-06,3.04236e-06,1e-07,
50.5,50,0.0100001,1,4.06771e-07,4.03402e-07,1e-07,
50.5,50,0.0480001,1e-07,1e-07,1e-07,1e-07,
50.5,50,0.0480001,0.2,5.7916,5.79161,1e-07,
50.5,50,0.0480001,0.4,7.71474,7.71473,1e-07,
50.5,50,0.0480001,0.6,8.58663,8.58658,1e-07,
50.5,50,0.0480001,0.8,8.93017,8.93009,1e-07,
50.5,50,0.0480001,1,8.9604,8.96029,1e-07,
50.5,50,0.0860001,1e-07,1e-07,1e-07,1e-07,
50.5,50,0.0860001,0.2,7.79606,7.79608,1e-07,
50.5,50,0.0860001,0.4,10.7827,10.7827,1e-07,
50.5,50,0.0860001,0.6,12.7721,12.7722,1e-07,
50.5,50,0.0860001,0.8,14.2236,14.2237,1e-07,
50.5,50,0.0860001,1,15.3201,15.3202,1e-07,
50.5,50,0.124,1e-07,1e-07,1e-07,1e-07,
50.5,50,0.124,0.2,8.3582,8.35816,1e-07,
50.5,50,0.124,0.4,11.6607,11.6606,1e-07,
50.5,50,0.124,0.6,14.0131,14.0131,1e-07,
50.5,50,0.124,0.8,15.8558,15.8557,1e-07,
50.5,50,0.124,1,17.3617,17.3617,1e-07,
50.5,50,0.162,1e-07,1e-07,1e-07,1e-07,
50.5,50,0.162,0.2,8.58288,8.58283,1e-07,
50.5,50,0.162,0.4,12.0116,12.0116,1e-07,
50.5,50,0.162,0.6,14.5123,14.5123,1e-07,
50.5,50,0.162,0.8,16.5179,16.5178,1e-07,
50.5,50,0.162,1,18.1979,18.1978,1e-07,
50.5,50,0.2,1e-07,1e-07,1e-07,1e-07,
50.5,50,0.2,0.2,8.69254,8.69249,1e-07,
50.5,50,0.2,0.4,12.1811,12.181,1e-07,
50.5,50,0.2,0.6,14.7523,14.7522,1e-07,
50.5,50,0.2,0.8,16.8357,16.8356,1e-07,
50.5,50,0.2,1,18.5995,18.5994,1e-07,
51,50,0.0100001,1e-07,1e-07,1e-07,1e-07,
51,50,0.0100001,0.2,1.02037e-07,1.02132e-07,1e-07,
51,50,0.0100001,0.4,1.31658e-07,1.31264e-07,1e-07,
51,50,0.0100001,0.6,1.16227e-07,1.15632e-07,1e-07,
51,50,0.0100001,0.8,1.03464e-07,1.02842e-07,1e-07,
51,50,0.0100001,1,1.00516e-07,1.00711e-07,1e-07,
51,50,0.0480001,1e-07,1e-07,1e-07,1e-07,
51,50,0.0480001,0.2,3.41936,3.41932,1e-07,
51,50,0.0480001,0.4,5.33994,5.33987,1e-07,
51,50,0.0480001,0.6,6.26702,6.26694,1e-07,
51,50,0.0480001,0.8,6.69282,6.69274,1e-07,
51,50,0.0480001,1,6.82313,6.82305,1e-07,
51,50,0.0860001,1e-07,1e-07,1e-07,1e-07,
51,50,0.0860001,0.2,6.63828,6.63832,1e-07,
51,50,0.0860001,0.4,9.64767,9.64774,1e-07,
51,50,0.0860001,0.6,11.618,11.6181,1e-07,
51,50,0.0860001,0.8,13.0456,13.0457,1e-07,
51,50,0.0860001,1,14.121,14.1211,1e-07,
51,50,0.124,1e-07,1e-07,1e-07,1e-07,
51,50,0.124,0.2,7.75602,7.75605,1e-07,
51,50,0.124,0.4,11.0815,11.0815,1e-07,
51,50,0.124,0.6,13.4233,13.4234,1e-07,
51,50,0.124,0.8,15.2489,15.2489,1e-07,
51,50,0.124,1,16.737,16.7371,1e-07,
51,50,0.162,1e-07,1e-07,1e-07,1e-07,
51,50,0.162,0.2,8.23177,8.23175,1e-07,
51,50,0.162,0.4,11.6822,11.6822,1e-07,
51,50,0.162,0.6,14.1802,14.1802,1e-07,
51,50,0.162,0.8,16.1775,16.1774,1e-07,
51,50,0.162,1,17.8477,17.8477,1e-07,
51,50,0.2,1e-07,1e-07,1e-07,1e-07,
51,50,0.2,0.2,8.4719,8.47186,1e-07,
51,50,0.2,0.4,11.9811,11.9811,1e-07,
51,50,0.2,0.6,14.5545,14.5544,1e-07,
51,50,0.2,0.8,16.6354,16.6353,1e-07,
51,50,0.2,1,18.395,18.395,1e-07,
51.5,50,0.0100001,1e-07,1e-07,1e-07,1e-07,
51.5,50,0.0100001,0.2,1e-07,1e-07,1e-07,
51.5,50,0.0100001,0.4,1.00001e-07,1e-07,1e-07,
51.5,50,0.0100001,0.6,1.00002e-07,1e-07,1e-07,
51.5,50,0.0100001,0.8,1.00001e-07,1e-07,1e-07,
51.5,50,0.0100001,1,1e-07,1.00711e-07,1e-07,
51.5,50,0.0480001,1e-07,1e-07,1e-07,1e-07,
51.5,50,0.0480001,0.2,1.64883,1.64886,1e-07,
51.5,50,0.0480001,0.4,3.34377,3.34376,1e-07,
51.5,50,0.0480001,0.6,4.28137,4.28136,1e-07,
51.5,50,0.0480001,0.8,4.77577,4.77576,1e-07,
51.5,50,0.0480001,1,4.99763,4.99764,1e-07,
51.5,50,0.0860001,1e-07,1e-07,1e-07,1e-07,
51.5,50,0.0860001,0.2,5.30682,5.3068,1e-07,
51.5,50,0.0860001,0.4,8.36659,8.36661,1e-07,
51.5,50,0.0860001,0.6,10.3524,10.3524,1e-07,
51.5,50,0.0860001,0.8,11.7833,11.7833,1e-07,
51.5,50,0.0860001,1,12.8588,12.8589,1e-07,
51.5,50,0.124,1e-07,1e-07,1e-07,1e-07,
51.5,50,0.124,0.2,6.98191,6.98196,1e-07,
51.5,50,0.124,0.4,10.3738,10.3738,1e-07,
51.5,50,0.124,0.6,12.7311,12.7312,1e-07,
51.5,50,0.124,0.8,14.5572,14.5573,1e-07,
51.5,50,0.124,1,16.0405,16.0406,1e-07,
51.5,50,0.162,1e-07,1e-07,1e-07,1e-07,
51.5,50,0.162,0.2,7.75561,7.75564,1e-07,
51.5,50,0.162,0.4,11.2619,11.2619,1e-07,
51.5,50,0.162,0.6,13.7749,13.7749,1e-07,
51.5,50,0.162,0.8,15.7752,15.7752,1e-07,
51.5,50,0.162,1,17.4439,17.444,1e-07,
51.5,50,0.2,1e-07,1e-07,1e-07,1e-07,
51.5,50,0.2,0.2,8.16077,8.16077,1e-07,
51.5,50,0.2,0.4,11.7161,11.7161,1e-07,
51.5,50,0.2,0.6,14.3042,14.3041,1e-07,
51.5,50,0.2,0.8,16.3903,16.3903,1e-07,
51.5,50,0.2,1,18.1513,18.1513,1e-07,
52,50,0.0100001,1e-07,1e-07,1e-07,1e-07,
52,50,0.0100001,0.2,1e-07,1e-07,1e-07,
52,50,0.0100001,0.4,1e-07,1e-07,1e-07,
52,50,0.0100001,0.6,1e-07,1e-07,1e-07,
52,50,0.0100001,0.8,1e-07,1e-07,1e-07,
52,50,0.0100001,1,1e-07,1e-07,1e-07,
52,50,0.0480001,1e-07,1e-07,1e-07,1e-07,
52,50,0.0480001,0.2,0.65321,0.653243,1e-07,
52,50,0.0480001,0.4,1.89974,1.8998,1e-07,
52,50,0.0480001,0.6,2.74305,2.74311,1e-07,
52,50,0.0480001,0.8,3.2493,3.24937,1e-07,
52,50,0.0480001,1,3.52508,3.52516,1e-07,
52,50,0.0860001,1e-07,1e-07,1e-07,1e-07,
52,50,0.0860001,0.2,3.99034,3.99029,1e-07,
52,50,0.0860001,0.4,7.03885,7.03881,1e-07,
52,50,0.0860001,0.6,9.04174,9.0417,1e-07,
52,50,0.0860001,0.8,10.4859,10.4859,1e-07,
52,50,0.0860001,1,11.5724,11.5723,1e-07,
52,50,0.124,1e-07,1e-07,1e-07,1e-07,
52,50,0.124,0.2,6.10242,6.10244,1e-07,
52,50,0.124,0.4,9.57035,9.57041,1e-07,
52,50,0.124,0.6,11.9585,11.9586,1e-07,
52,50,0.124,0.8,13.7974,13.7975,1e-07,
52,50,0.124,1,15.2857,15.2858,1e-07,
52,50,0.162,1e-07,1e-07,1e-07,1e-07,
52,50,0.162,0.2,7.1817,7.18175,1e-07,
52,50,0.162,0.4,10.7639,10.7639,1e-07,
52,50,0.162,0.6,13.3054,13.3054,1e-07,
52,50,0.162,0.8,15.3181,15.3182,1e-07,
52,50,0.162,1,16.9922,16.9923,1e-07,
52,50,0.2,1e-07,1e-07,1e-07,1e-07,
52,50,0.2,0.2,7.77224,7.77227,1e-07,
52,50,0.2,0.4,11.3925,11.3925,1e-07,
52,50,0.2,0.6,14.0056,14.0056,1e-07,
52,50,0.2,0.8,16.1039,16.1039,1e-07,
52,50,0.2,1,17.8712,17.8712,1e-07,
52.5,50,0.0100001,1e-07,1e-07,1e-07,1e-07,
52.5,50,0.0100001,0.2,1e-07,1e-07,1e-07,
52.5,50,0.0100001,0.4,1e-07,1e-07,1e-07,
52.5,50,0.0100001,0.6,1e-07,1e-07,1e-07,
52.5,50,0.0100001,0.8,1e-07,1e-07,1e-07,
52.5,50,0.0100001,1,1e-07,1e-07,1e-07,
52.5,50,0.0480001,1e-07,1e-07,1e-07,1e-07,
52.5,50,0.0480001,0.2,0.213824,0.213812,1e-07,
52.5,50,0.0480001,0.4,0.982061,0.982111,1e-07,
52.5,50,0.0480001,0.6,1.6513,1.65138,1e-07,
52.5,50,0.0480001,0.8,2.11085,2.11094,1e-07,
52.5,50,0.0480001,1,2.39707,2.39717,1e-07,
52.5,50,0.0860001,1e-07,1e-07,1e-07,1e-07,
52.5,50,0.0860001,0.2,2.82718,2.82716,1e-07,
52.5,50,0.0860001,0.4,5.74996,5.74989,1e-07,
52.5,50,0.0860001,0.6,7.745,7.74492,1e-07,
52.5,50,0.0860001,0.8,9.19772,9.19764,1e-07,
52.5,50,0.0860001,1,10.2962,10.2961,1e-07,
52.5,50,0.124,1e-07,1e-07,1e-07,1e-07,
52.5,50,0.124,0.2,5.18316,5.18314,1e-07,
52.5,50,0.124,0.4,8.70474,8.70477,1e-07,
52.5,50,0.124,0.6,11.128,11.1281,1e-07,
52.5,50,0.124,0.8,12.9866,12.9866,1e-07,
52.5,50,0.124,1,14.4862,14.4863,1e-07,
52.5,50,0.162,1e-07,1e-07,1e-07,1e-07,
52.5,50,0.162,0.2,6.53949,6.53953,1e-07,
52.5,50,0.162,0.4,10.2025,10.2026,1e-07,
52.5,50,0.162,0.6,12.7812,12.7813,1e-07,
52.5,50,0.162,0.8,14.8134,14.8135,1e-07,
52.5,50,0.162,1,16.4984,16.4985,1e-07,
52.5,50,0.2,1e-07,1e-07,1e-07,1e-07,
52.5,50,0.2,0.2,7.32097,7.32102,1e-07,
52.5,50,0.2,0.4,11.0172,11.0172,1e-07,
52.5,50,0.2,0.6,13.6636,13.6636,1e-07,
52.5,50,0.2,0.8,15.7797,15.7797,1e-07,
52.5,50,0.2,1,17.5576,17.5576,1e-07,
53,50,0.0100001,1e-07,1e-07,1e-07,1e-07,
53,50,0.0100001,0.2,1e-07,1e-07,1e-07,
53,50,0.0100001,0.4,1e-07,1e-07,1e-07,
53,50,0.0100001,0.6,1e-07,1e-07,1e-07,
53,50,0.0100001,0.8,1e-07,1e-07,1e-07,
53,50,0.0100001,1,1e-07,1e-07,1e-07,
53,50,0.0480001,1e-07,1e-07,1e-07,1e-07,
53,50,0.0480001,0.2,0.058153,0.0581287,1e-07,
53,50,0.0480001,0.4,0.463189,0.463192,1e-07,
53,50,0.0480001,0.6,0.935722,0.935765,1e-07,
53,50,0.0480001,0.8,1.31108,1.31114,1e-07,
53,50,0.0480001,1,1.57312,1.5732,1e-07,
53,50,0.0860001,1e-07,1e-07,1e-07,1e-07,
53,50,0.0860001,0.2,1.89065,1.89068,1e-07,
53,50,0.0860001,0.4,4.56466,4.5646,1e-07,
53,50,0.0860001,0.6,6.51018,6.5101,1e-07,
53,50,0.0860001,0.8,7.95547,7.95537,1e-07,
53,50,0.0860001,1,9.05963,9.05952,1e-07,
53,50,0.124,1e-07,1e-07,1e-07,1e-07,
53,50,0.124,0.2,4.28164,4.28159,1e-07,
53,50,0.124,0.4,7.80908,7.80906,1e-07,
53,50,0.124,0.6,10.2613,10.2613,1e-07,
53,50,0.124,0.8,12.1409,12.141,1e-07,
53,50,0.124,1,13.6551,13.6552,1e-07,
53,50,0.162,1e-07,1e-07,1e-07,1e-07,
53,50,0.162,0.2,5.85837,5.85838,1e-07,
53,50,0.162,0.4,9.59248,9.59254,1e-07,
53,50,0.162,0.6,12.2122,12.2123,1e-07,
53,50,0.162,0.8,14.2684,14.2685,1e-07,
53,50,0.162,1,15.9683,15.9684,1e-07,
53,50,0.2,1e-07,1e-07,1e-07,1e-07,
53,50,0.2,0.2,6.82239,6.82243,1e-07,
53,50,0.2,0.4,10.5977,10.5977,1e-07,
53,50,0.2,0.6,13.283,13.2831,1e-07,
53,50,0.2,0.8,15.4215,15.4215,1e-07,
53,50,0.2,1,17.2135,17.2135,1e-07,
53.5,50,0.0100001,1e-07,1e-07,1e-07,1e-07,
53.5,50,0.0100001,0.2,1e-07,1e-07,1e-07,
53.5,50,0.0100001,0.4,1e-07,1e-07,1e-07,
53.5,50,0.0100001,0.6,1e-07,1e-07,1e-07,
53.5,50,0.0100001,0.8,1e-07,1e-07,1e-07,
53.5,50,0.0100001,1,1e-07,1e-07,1e-07,
53.5,50,0.0480001,1e-07,1e-07,1e-07,1e-07,
53.5,50,0.0480001,0.2,0.0132102,0.0131954,1e-07,
53.5,50,0.0480001,0.4,0.199847,0.199819,1e-07,
53.5,50,0.0480001,0.6,0.499982,0.499978,1e-07,
53.5,50,0.0480001,0.8,0.779595,0.779615,1e-07,
53.5,50,0.0480001,1,0.997385,0.997421,1e-07,
53.5,50,0.0860001,1e-07,1e-07,1e-07,1e-07,
53.5,50,0.0860001,0.2,1.19537,1.19541,1e-07,
53.5,50,0.0860001,0.4,3.52442,3.52442,1e-07,
53.5,50,0.0860001,0.6,5.37283,5.37278,1e-07,
53.5,50,0.0860001,0.8,6.78799,6.78791,1e-07,
53.5,50,0.0860001,1,7.88615,7.88605,1e-07,
53.5,50,0.124,1e-07,1e-07,1e-07,1e-07,
53.5,50,0.124,0.2,3.44266,3.44262,1e-07,
53.5,50,0.124,0.4,6.91243,6.91238,1e-07,
53.5,50,0.124,0.6,9.37887,9.37884,1e-07,
53.5,50,0.124,0.8,11.2761,11.276,1e-07,
53.5,50,0.124,1,12.8049,12.8049,1e-07,
53.5,50,0.162,1e-07,1e-07,1e-07,1e-07,
53.5,50,0.162,0.2,5.16569,5.16566,1e-07,
53.5,50,0.162,0.4,8.94832,8.94836,1e-07,
53.5,50,0.162,0.6,11.608,11.6081,1e-07,
53.5,50,0.162,0.8,13.6904,13.6905,1e-07,
53.5,50,0.162,1,15.408,15.4081,1e-07,
53.5,50,0.2,1e-07,1e-07,1e-07,1e-07,
53.5,50,0.2,0.2,6.29192,6.29194,1e-07,
53.5,50,0.2,0.4,10.1416,10.1416,1e-07,
53.5,50,0.2,0.6,12.8688,12.8689,1e-07,
53.5,50,0.2,0.8,15.0329,15.033,1e-07,
53.5,50,0.2,1,16.8419,16.842,1e-07,
54,50,0.0100001,1e-07,1e-07,1e-07,1e-07,
54,50,0.0100001,0.2,1e-07,1e-07,1e-07,
54,50,0.0100001,0.4,1e-07,1e-07,1e-07,
54,50,0.0100001,0.6,1e-07,1e-07,1e-07,
54,50,0.0100001,0.8,1e-07,1e-07,1e-07,
54,50,0.0100001,1,1e-07,1e-07,1e-07,
54,50,0.0480001,1e-07,1e-07,1e-07,1e-07,
54,50,0.0480001,0.2,0.00251947,0.00251391,1e-07,
54,50,0.0480001,0.4,0.0790793,0.079045,1e-07,
54,50,0.0480001,0.6,0.252336,0.252303,1e-07,
54,50,0.0480001,0.8,0.44435,0.444329,1e-07,
54,50,0.0480001,1,0.611529,0.611521,1e-07,
54,50,0.0860001,1e-07,1e-07,1e-07,1e-07,
54,50,0.0860001,0.2,0.715678,0.715714,1e-07,
54,50,0.0860001,0.4,2.64881,2.64885,1e-07,
54,50,0.0860001,0.6,4.35593,4.35592,1e-07,
54,50,0.0860001,0.8,5.71579,5.71575,1e-07,
54,50,0.0860001,1,6.7932,6.79314,1e-07,
54,50,0.124,1e-07,1e-07,1e-07,1e-07,
54,50,0.124,0.2,2.69638,2.69637,1e-07,
54,50,0.124,0.4,6.03971,6.03964,1e-07,
54,50,0.124,0.6,8.49901,8.49894,1e-07,
54,50,0.124,0.8,10.4062,10.4061,1e-07,
54,50,0.124,1,11.947,11.9469,1e-07,
54,50,0.162,1e-07,1e-07,1e-07,1e-07,
54,50,0.162,0.2,4.48534,4.48529,1e-07,
54,50,0.162,0.4,8.28393,8.28393,1e-07,
54,50,0.162,0.6,10.9781,10.9782,1e-07,
54,50,0.162,0.8,13.0865,13.0866,1e-07,
54,50,0.162,1,14.8231,14.8231,1e-07,
54,50,0.2,1e-07,1e-07,1e-07,1e-07,
54,50,0.2,0.2,5.74429,5.74429,1e-07,
54,50,0.2,0.4,9.65643,9.6565,1e-07,
54,50,0.2,0.6,12.4262,12.4263,1e-07,
54,50,0.2,0.8,14.6179,14.618,1e-07,
54,50,0.2,1,16.4459,16.446,1e-07,
54.5,50,0.0100001,1e-07,1e-07,1e-07,1e-07,
54.5,50,0.0100001,0.2,1e-07,1e-07,1e-07,
54.5,50,0.0100001,0.4,1e-07,1e-07,1e-07,
54.5,50,0.0100001,0.6,1e-07,1e-07,1e-07,
54.5,50,0.0100001,0.8,1e-07,1e-07,1e-07,
54.5,50,0.0100001,1,1e-07,1e-07,1e-07,
54.5,50,0.0480001,1e-07,1e-07,1e-07,1e-07,
54.5,50,0.0480001,0.2,0.000405491,0.000404014,1e-07,
54.5,50,0.0480001,0.4,0.0287689,0.0287432,1e-07,
54.5,50,0.0480001,0.6,0.120485,0.120442,1e-07,
54.5,50,0.0480001,0.8,0.243065,0.243022,1e-07,
54.5,50,0.0480001,1,0.362947,0.362908,1e-07,
54.5,50,0.0860001,1e-07,1e-07,1e-07,1e-07,
54.5,50,0.0860001,0.2,0.406378,0.406389,1e-07,
54.5,50,0.0860001,0.4,1.93922,1.93928,1e-07,
54.5,50,0.0860001,0.6,3.47093,3.47097,1e-07,
54.5,50,0.0860001,0.8,4.75155,4.75156,1e-07,
54.5,50,0.0860001,1,5.79256,5.79253,1e-07,
54.5,50,0.124,1e-07,1e-07,1e-07,1e-07,
54.5,50,0.124,0.2,2.05871,2.05873,1e-07,
54.5,50,0.124,0.4,5.21093,5.21086,1e-07,
54.5,50,0.124,0.6,7.6377,7.63761,1e-07,
54.5,50,0.124,0.8,9.54406,9.54398,1e-07,
54.5,50,0.124,1,11.092,11.0919,1e-07,
54.5,50,0.162,1e-07,1e-07,1e-07,1e-07,
54.5,50,0.162,0.2,3.83677,3.83672,1e-07,
54.5,50,0.162,0.4,7.61218,7.61215,1e-07,
54.5,50,0.162,0.6,10.3316,10.3316,1e-07,
54.5,50,0.162,0.8,12.4637,12.4638,1e-07,
54.5,50,0.162,1,14.2191,14.2192,1e-07,
54.5,50,0.2,1e-07,1e-07,1e-07,1e-07,
54.5,50,0.2,0.2,5.19304,5.19301,1e-07,
54.5,50,0.2,0.4,9.14973,9.14978,1e-07,
54.5,50,0.2,0.6,11.96,11.9601,1e-07,
54.5,50,0.2,0.8,14.1801,14.1802,1e-07,
54.5,50,0.2,1,16.0285,16.0286,1e-07,
55,50,0.0100001,1e-07,1e-07,1e-07,1e-07,
55,50,0.0100001,0.2,1e-07,1e-07,1e-07,
55,50,0.0100001,0.4,1e-07,1e-07,1e-07,
55,50,0.0100001,0.6,1e-07,1e-07,1e-07,
55,50,0.0100001,0.8,1e-07,1e-07,1e-07,
55,50,0.0100001,1,1e-07,1e-07,1e-07,
55,50,0.0480001,1e-07,1e-07,1e-07,1e-07,
55,50,0.0480001,0.2,5.54015e-05,5.51031e-05,1e-07,
55,50,0.0480001,0.4,0.00964525,0.00963051,1e-07,
55,50,0.0480001,0.6,0.0545123,0.0544752,1e-07,
55,50,0.0480001,0.8,0.127753,0.127704,1e-07,
55,50,0.0480001,1,0.208711,0.208657,1e-07,
55,50,0.0860001,1e-07,1e-07,1e-07,1e-07,
55,50,0.0860001,0.2,0.219174,0.219162,1e-07,
55,50,0.0860001,0.4,1.38402,1.38408,1e-07,
55,50,0.0860001,0.6,2.71964,2.71971,1e-07,
55,50,0.0860001,0.8,3.90101,3.90106,1e-07,
55,50,0.0860001,1,4.89078,4.8908,1e-07,
55,50,0.124,1e-07,1e-07,1e-07,1e-07,
55,50,0.124,0.2,1.53336,1.5334,1e-07,
55,50,0.124,0.4,4.44102,4.44098,1e-07,
55,50,0.124,0.6,6.80826,6.80818,1e-07,
55,50,0.124,0.8,8.70081,8.70072,1e-07,
55,50,0.124,1,10.2491,10.249,1e-07,
55,50,0.162,1e-07,1e-07,1e-07,1e-07,
55,50,0.162,0.2,3.23462,3.23458,1e-07,
55,50,0.162,0.4,6.94466,6.94461,1e-07,
55,50,0.162,0.6,9.67696,9.67694,1e-07,
55,50,0.162,0.8,11.8286,11.8286,1e-07,
55,50,0.162,1,13.6014,13.6015,1e-07,
55,50,0.2,1e-07,1e-07,1e-07,1e-07,
55,50,0.2,0.2,4.65006,4.65002,1e-07,
55,50,0.2,0.4,8.62859,8.6286,1e-07,
55,50,0.2,0.6,11.4752,11.4753,1e-07,
55,50,0.2,0.8,13.7233,13.7233,1e-07,
55,50,0.2,1,15.5927,15.5928,1e-07,
55.5,50,0.0100001,1e-07,1e-07,1e-07,1e-07,
55.5,50,0.0100001,0.2,1e-07,1e-07,1e-07,
55.5,50,0.0100001,0.4,1e-07,1e-07,1e-07,
55.5,50,0.0100001,0.6,1e-07,1e-07,1e-07,
55.5,50,0.0100001,0.8,1e-07,1e-07,1e-07,
55.5,50,0.0100001,1,1e-07,1e-07,1e-07,
55.5,50,0.0480001,1e-07,1e-07,1e-07,1e-07,
55.5,50,0.0480001,0.2,6.52521e-06,6.47712e-06,1e-07,
55.5,50,0.0480001,0.4,0.002987,0.00298001,1e-07,
55.5,50,0.0480001,0.6,0.023406,0.0233798,1e-07,
55.5,50,0.0480001,0.8,0.0645899,0.0645468,1e-07,
55.5,50,0.0480001,1,0.116389,0.116335,1e-07,
55.5,50,0.0860001,1e-07,1e-07,1e-07,1e-07,
55.5,50,0.0860001,0.2,0.112439,0.112416,1e-07,
55.5,50,0.0860001,0.4,0.963614,0.963663,1e-07,
55.5,50,0.0860001,0.6,2.09645,2.09653,1e-07,
55.5,50,0.0860001,0.8,3.16414,3.16422,1e-07,
55.5,50,0.0860001,1,4.08996,4.09003,1e-07,
55.5,50,0.124,1e-07,1e-07,1e-07,1e-07,
55.5,50,0.124,0.2,1.1149,1.11494,1e-07,
55.5,50,0.124,0.4,3.73998,3.73997,1e-07,
55.5,50,0.124,0.6,6.02128,6.02121,1e-07,
55.5,50,0.124,0.8,7.8858,7.8857,1e-07,
55.5,50,0.124,1,9.42655,9.42644,1e-07,
55.5,50,0.162,1e-07,1e-07,1e-07,1e-07,
55.5,50,0.162,0.2,2.68871,2.6887,1e-07,
55.5,50,0.162,0.4,6.29144,6.29137,1e-07,
55.5,50,0.162,0.6,9.02189,9.02184,1e-07,
55.5,50,0.162,0.8,11.1872,11.1872,1e-07,
55.5,50,0.162,1,12.9751,12.9751,1e-07,
55.5,50,0.2,1e-07,1e-07,1e-07,1e-07,
55.5,50,0.2,0.2,4.12538,4.12532,1e-07,
55.5,50,0.2,0.4,8.09968,8.09967,1e-07,
55.5,50,0.2,0.6,10.9765,10.9765,1e-07,
55.5,50,0.2,0.8,13.251,13.251,1e-07,
55.5,50,0.2,1,15.1413,15.1414,1e-07,
56,50,0.0100001,1e-07,1e-07,1e-07,1e-07,
56,50,0.0100001,0.2,1e-07,1e-07,1e-07,
56,50,0.0100001,0.4,1e-07,1e-07,1e-07,
56,50,0.0100001,0.6,1e-07,1e-07,1e-07,
56,50,0.0100001,0.8,1e-07,1e-07,1e-07,
56,50,0.0100001,1,1e-07,1e-07,1e-07,
56,50,0.0480001,1e-07,1e-07,1e-07,1e-07,
56,50,0.0480001,0.2,7.38659e-07,7.32383e-07,1e-07,
56,50,0.0480001,0.4,0.00085639,0.000853549,1e-07,
56,50,0.0480001,0.6,0.00955147,0.00953553,1e-07,
56,50,0.0480001,0.8,0.0314467,0.0314143,1e-07,
56,50,0.0480001,1,0.0629977,0.0629517,1e-07,
56,50,0.0860001,1e-07,1e-07,1e-07,1e-07,
56,50,0.0860001,0.2,0.0549444,0.0549196,1e-07,
56,50,0.0860001,0.4,0.654958,0.654982,1e-07,
56,50,0.0860001,0.6,1.59061,1.59069,1e-07,
56,50,0.0860001,0.8,2.53641,2.5365,1e-07,
56,50,0.0860001,1,3.38854,3.38863,1e-07,
56,50,0.124,1e-07,1e-07,1e-07,1e-07,
56,50,0.124,0.2,0.79187,0.79191,1e-07,
56,50,0.124,0.4,3.1133,3.11331,1e-07,
56,50,0.124,0.6,5.28466,5.28461,1e-07,
56,50,0.124,0.8,7.1066,7.10651,1e-07,
56,50,0.124,1,8.63102,8.63091,1e-07,
56,50,0.162,1e-07,1e-07,1e-07,1e-07,
56,50,0.162,0.2,2.20444,2.20446,1e-07,
56,50,0.162,0.4,5.66097,5.6609,1e-07,
56,50,0.162,0.6,8.37337,8.3733,1e-07,
56,50,0.162,0.8,10.5452,10.5451,1e-07,
56,50,0.162,1,12.3448,12.3447,1e-07,
56,50,0.2,1e-07,1e-07,1e-07,1e-07,
56,50,0.2,0.2,3.627,3.62696,1e-07,
56,50,0.2,0.4,7.56919,7.56916,1e-07,
56,50,0.2,0.6,10.4683,10.4683,1e-07,
56,50,0.2,0.8,12.7667,12.7667,1e-07,
56,50,0.2,1,14.6772,14.6773,1e-07,
56.5,50,0.0100001,1e-07,1e-07,1e-07,1e-07,
56.5,50,0.0100001,0.2,1e-07,1e-07,1e-07,
56.5,50,0.0100001,0.4,1e-07,1e-07,1e-07,
56.5,50,0.0100001,0.6,1e-07,1e-07,1e-07,
56.5,50,0.0100001,0.8,1e-07,1e-07,1e-07,
56.5,50,0.0100001,1,1e-07,1e-07,1e-07,
56.5,50,0.0480001,1e-07,1e-07,1e-07,1e-07,
56.5,50,0.0480001,0.2,1.54546e-07,1.54001e-07,1e-07,
56.5,50,0.0480001,0.4,0.000227842,0.00022683,1e-07,
56.5,50,0.0480001,0.6,0.00370974,0.00370109,1e-07,
56.5,50,0.0480001,0.8,0.0147593,0.0147374,1e-07,
56.5,50,0.0480001,1,0.0331243,0.033089,1e-07,
56.5,50,0.0860001,1e-07,1e-07,1e-07,1e-07,
56.5,50,0.0860001,0.2,0.0256089,0.0255887,1e-07,
56.5,50,0.0860001,0.4,0.434874,0.434873,1e-07,
56.5,50,0.0860001,0.6,1.18834,1.1884,1e-07,
56.5,50,0.0860001,0.8,2.01006,2.01016,1e-07,
56.5,50,0.0860001,1,2.7821,2.7822,1e-07,
56.5,50,0.124,1e-07,1e-07,1e-07,1e-07,
56.5,50,0.124,0.2,0.549775,0.5498,1e-07,
56.5,50,0.124,0.4,2.56256,2.56261,1e-07,
56.5,50,0.124,0.6,4.60375,4.60373,1e-07,
56.5,50,0.124,0.8,6.36909,6.36902,1e-07,
56.5,50,0.124,1,7.8681,7.868,1e-07,
56.5,50,0.162,1e-07,1e-07,1e-07,1e-07,
56.5,50,0.162,0.2,1.78342,1.78345,1e-07,
56.5,50,0.162,0.4,5.06007,5.06,1e-07,
56.5,50,0.162,0.6,7.73753,7.73744,1e-07,
56.5,50,0.162,0.8,9.90774,9.90767,1e-07,
56.5,50,0.162,1,11.7148,11.7147,1e-07,
56.5,50,0.2,1e-07,1e-07,1e-07,1e-07,
56.5,50,0.2,0.2,3.16097,3.16094,1e-07,
56.5,50,0.2,0.4,7.04269,7.04263,1e-07,
56.5,50,0.2,0.6,9.95493,9.95492,1e-07,
56.5,50,0.2,0.8,12.2737,12.2737,1e-07,
56.5,50,0.2,1,14.2031,14.2031,1e-07,
57,50,0.0100001,1e-07,1e-07,1e-07,1e-07,
57,50,0.0100001,0.2,1e-07,1e-07,1e-07,
57,50,0.0100001,0.4,1e-07,1e-07,1e-07,
57,50,0.0100001,0.6,1e-07,1e-07,1e-07,
57,50,0.0100001,0.8,1e-07,1e-07,1e-07,
57,50,0.0100001,1,1e-07,1e-07,1e-07,
57,50,0.0480001,1e-07,1e-07,1e-07,1e-07,
57,50,0.0480001,0.2,1.0402e-07,1.04263e-07,1e-07,
57,50,0.0480001,0.4,5.64106e-05,5.60886e-05,1e-07,
57,50,0.0480001,0.6,0.00137326,0.001369,1e-07,
57,50,0.0480001,0.8,0.00668466,0.00667121,1e-07,
57,50,0.0480001,1,0.0169329,0.0169081,1e-07,
57,50,0.0860001,1e-07,1e-07,1e-07,1e-07,
57,50,0.0860001,0.2,0.0113996,0.0113856,1e-07,
57,50,0.0860001,0.4,0.28225,0.282229,1e-07,
57,50,0.0860001,0.6,0.874586,0.874622,1e-07,
57,50,0.0860001,0.8,1.57532,1.5754,1e-07,
57,50,0.0860001,1,2.26416,2.26427,1e-07,
57,50,0.124,1e-07,1e-07,1e-07,1e-07,
57,50,0.124,0.2,0.373337,0.373344,1e-07,
57,50,0.124,0.4,2.08626,2.08632,1e-07,
57,50,0.124,0.6,3.98166,3.98167,1e-07,
57,50,0.124,0.8,5.67752,5.67749,1e-07,
57,50,0.124,1,7.14216,7.14208,1e-07,
57,50,0.162,1e-07,1e-07,1e-07,1e-07,
57,50,0.162,0.2,1.42419,1.42424,1e-07,
57,50,0.162,0.4,4.49392,4.49387,1e-07,
57,50,0.162,0.6,7.1196,7.11951,1e-07,
57,50,0.162,0.8,9.27942,9.27933,1e-07,
57,50,0.162,1,11.0891,11.089,1e-07,
57,50,0.2,1e-07,1e-07,1e-07,1e-07,
57,50,0.2,0.2,2.73141,2.7314,1e-07,
57,50,0.2,0.4,6.52509,6.52503,1e-07,
57,50,0.2,0.6,9.44018,9.44015,1e-07,
57,50,0.2,0.8,11.7751,11.7751,1e-07,
57,50,0.2,1,13.7214,13.7215,1e-07,
57.5,50,0.0100001,1e-07,1e-07,1e-07,1e-07,
57.5,50,0.0100001,0.2,1e-07,1e-07,1e-07,
57.5,50,0.0100001,0.4,1e-07,1e-07,1e-07,
57.5,50,0.0100001,0.6,1e-07,1e-07,1e-07,
57.5,50,0.0100001,0.8,1e-07,1e-07,1e-07,
57.5,50,0.0100001,1,1e-07,1e-07,1e-07,
57.5,50,0.0480001,1e-07,1e-07,1e-07,1e-07,
57.5,50,0.0480001,0.2,1.00257e-07,1e-07,1e-07,
57.5,50,0.0480001,0.4,1.30698e-05,1.29772e-05,1e-07,
57.5,50,0.0480001,0.6,0.000485178,0.000483251,1e-07,
57.5,50,0.0480001,0.8,0.0029245,0.00291683,1e-07,
57.5,50,0.0480001,1,0.00842213,0.00840589,1e-07,
57.5,50,0.0860001,1e-07,1e-07,1e-07,1e-07,
57.5,50,0.0860001,0.2,0.00485251,0.00484393,1e-07,
57.5,50,0.0860001,0.4,0.179183,0.179151,1e-07,
57.5,50,0.0860001,0.6,0.634351,0.634361,1e-07,
57.5,50,0.0860001,0.8,1.22131,1.22137,1e-07,
57.5,50,0.0860001,1,1.82694,1.82704,1e-07,
57.5,50,0.124,1e-07,1e-07,1e-07,1e-07,
57.5,50,0.124,0.2,0.248122,0.248113,1e-07,
57.5,50,0.124,0.4,1.68047,1.68054,1e-07,
57.5,50,0.124,0.6,3.41948,3.41953,1e-07,
57.5,50,0.124,0.8,5.03468,5.03467,1e-07,
57.5,50,0.124,1,6.45643,6.45638,1e-07,
57.5,50,0.162,1e-07,1e-07,1e-07,1e-07,
57.5,50,0.162,0.2,1.12304,1.12309,1e-07,
57.5,50,0.162,0.4,3.9662,3.96617,1e-07,
57.5,50,0.162,0.6,6.52397,6.52388,1e-07,
57.5,50,0.162,0.8,8.66424,8.66414,1e-07,
57.5,50,0.162,1,10.4712,10.4711,1e-07,
57.5,50,0.2,1e-07,1e-07,1e-07,1e-07,
57.5,50,0.2,0.2,2.34072,2.34072,1e-07,
57.5,50,0.2,0.4,6.02067,6.0206,1e-07,
57.5,50,0.2,0.6,8.92766,8.9276,1e-07,
57.5,50,0.2,0.8,11.2738,11.2738,1e-07,
57.5,50,0.2,1,13.2347,13.2348,1e-07,
58,50,0.0100001,1e-07,1e-07,1e-07,1e-07,
58,50,0.0100001,0.2,1e-07,1e-07,1e-07,
58,50,0.0100001,0.4,1e-07,1e-07,1e-07,
58,50,0.0100001,0.6,1e-07,1e-07,1e-07,
58,50,0.0100001,0.8,1e-07,1e-07,1e-07,
58,50,0.0100001,1,1e-07,1e-07,1e-07,
58,50,0.0480001,1e-07,1e-07,1e-07,1e-07,
58,50,0.0480001,0.2,1.00014e-07,1.00711e-07,1e-07,
58,50,0.0480001,0.4,2.88817e-06,2.86401e-06,1e-07,
58,50,0.0480001,0.6,0.000163842,0.000163035,1e-07,
58,50,0.0480001,0.8,0.0012371,0.00123301,1e-07,
58,50,0.0480001,1,0.00407896,0.00406895,1e-07,
58,50,0.0860001,1e-07,1e-07,1e-07,1e-07,
58,50,0.0860001,0.2,0.00197769,0.00197293,1e-07,
58,50,0.0860001,0.4,0.111331,0.111295,1e-07,
58,50,0.0860001,0.6,0.453624,0.453612,1e-07,
58,50,0.0860001,0.8,0.936949,0.936983,1e-07,
58,50,0.0860001,1,1.46194,1.46201,1e-07,
58,50,0.124,1e-07,1e-07,1e-07,1e-07,
58,50,0.124,0.2,0.161486,0.161466,1e-07,
58,50,0.124,0.4,1.33965,1.33972,1e-07,
58,50,0.124,0.6,2.91665,2.91672,1e-07,
58,50,0.124,0.8,4.442,4.44202,1e-07,
58,50,0.124,1,5.8131,5.81309,1e-07,
58,50,0.162,1e-07,1e-07,1e-07,1e-07,
58,50,0.162,0.2,0.874758,0.874802,1e-07,
58,50,0.162,0.4,3.47919,3.47919,1e-07,
58,50,0.162,0.6,5.95415,5.95408,1e-07,
58,50,0.162,0.8,8.06567,8.06557,1e-07,
58,50,0.162,1,9.86436,9.86425,1e-07,
58,50,0.2,1e-07,1e-07,1e-07,1e-07,
58,50,0.2,0.2,1.98977,1.9898,1e-07,
58,50,0.2,0.4,5.53302,5.53295,1e-07,
58,50,0.2,0.6,8.42059,8.42051,1e-07,
58,50,0.2,0.8,10.7726,10.7725,1e-07,
58,50,0.2,1,12.7453,12.7453,1e-07,
58.5,50,0.0100001,1e-07,1e-07,1e-07,1e-07,
58.5,50,0.0100001,0.2,1e-07,1e-07,1e-07,
58.5,50,0.0100001,0.4,1e-07,1e-07,1e-07,
58.5,50,0.0100001,0.6,1e-07,1e-07,1e-07,
58.5,50,0.0100001,0.8,1e-07,1e-07,1e-07,
58.5,50,0.0100001,1,1e-07,1e-07,1e-07,
58.5,50,0.0480001,1e-07,1e-07,1e-07,1e-07,
58.5,50,0.0480001,0.2,1.00001e-07,1e-07,1e-07,
58.5,50,0.0480001,0.4,6.60484e-07,6.54934e-07,1e-07,
58.5,50,0.0480001,0.6,5.29825e-05,5.26681e-05,1e-07,
58.5,50,0.0480001,0.8,0.000506476,0.000504419,1e-07,
58.5,50,0.0480001,1,0.00192503,0.00191918,1e-07,
58.5,50,0.0860001,1e-07,1e-07,1e-07,1e-07,
58.5,50,0.0860001,0.2,0.000772664,0.000770237,1e-07,
58.5,50,0.0860001,0.4,0.0677403,0.0677056,1e-07,
58.5,50,0.0860001,0.6,0.319941,0.319912,1e-07,
58.5,50,0.0860001,0.8,0.711479,0.711488,1e-07,
58.5,50,0.0860001,1,1.16043,1.16048,1e-07,
58.5,50,0.124,1e-07,1e-07,1e-07,1e-07,
58.5,50,0.124,0.2,0.10298,0.102955,1e-07,
58.5,50,0.124,0.4,1.05723,1.05729,1e-07,
58.5,50,0.124,0.6,2.47126,2.47134,1e-07,
58.5,50,0.124,0.8,3.89977,3.89982,1e-07,
58.5,50,0.124,1,5.21345,5.21346,1e-07,
58.5,50,0.162,1e-07,1e-07,1e-07,1e-07,
58.5,50,0.162,0.2,0.673269,0.673303,1e-07,
58.5,50,0.162,0.4,3.03396,3.03398,1e-07,
58.5,50,0.162,0.6,5.41287,5.41282,1e-07,
58.5,50,0.162,0.8,7.48664,7.48654,1e-07,
58.5,50,0.162,1,9.27125,9.27114,1e-07,
58.5,50,0.2,1e-07,1e-07,1e-07,1e-07,
58.5,50,0.2,0.2,1.67821,1.67825,1e-07,
58.5,50,0.2,0.4,5.06507,5.06501,1e-07,
58.5,50,0.2,0.6,7.92184,7.92176,1e-07,
58.5,50,0.2,0.8,10.2738,10.2738,1e-07,
58.5,50,0.2,1,12.2553,12.2552,1e-07,
59,50,0.0100001,1e-07,1e-07,1e-07,1e-07,
59,50,0.0100001,0.2,1e-07,1e-07,1e-07,
59,50,0.0100001,0.4,1e-07,1e-07,1e-07,
59,50,0.0100001,0.6,1e-07,1e-07,1e-07,
59,50,0.0100001,0.8,1e-07,1e-07,1e-07,
59,50,0.0100001,1,1e-07,1e-07,1e-07,
59,50,0.0480001,1e-07,1e-07,1e-07,1e-07,
59,50,0.0480001,0.2,1e-07,1e-07,1e-07,
59,50,0.0480001,0.4,2.0555e-07,2.0516e-07,1e-07,
59,50,0.0480001,0.6,1.64602e-05,1.63451e-05,1e-07,
59,50,0.0480001,0.8,0.000200888,0.000199908,1e-07,
59,50,0.0480001,1,0.000885938,0.000882679,1e-07,
59,50,0.0860001,1e-07,1e-07,1e-07,1e-07,
59,50,0.0860001,0.2,0.000289734,0.000288585,1e-07,
59,50,0.0860001,0.4,0.0403864,0.0403563,1e-07,
59,50,0.0860001,0.6,0.222646,0.222607,1e-07,
59,50,0.0860001,0.8,0.534917,0.534904,1e-07,
59,50,0.0860001,1,0.913881,0.913905,1e-07,
59,50,0.124,1e-07,1e-07,1e-07,1e-07,
59,50,0.124,0.2,0.0643815,0.0643557,1e-07,
59,50,0.124,0.4,0.826209,0.826248,1e-07,
59,50,0.124,0.6,2.08037,2.08046,1e-07,
59,50,0.124,0.8,3.40732,3.40739,1e-07,
59,50,0.124,1,4.65789,4.65794,1e-07,
59,50,0.162,1e-07,1e-07,1e-07,1e-07,
59,50,0.162,0.2,0.512198,0.512219,1e-07,
59,50,0.162,0.4,2.63049,2.63054,1e-07,
59,50,0.162,0.6,4.90209,4.90207,1e-07,
59,50,0.162,0.8,6.92953,6.92945,1e-07,
59,50,0.162,1,8.69427,8.69416,1e-07,
59,50,0.2,1e-07,1e-07,1e-07,1e-07,
59,50,0.2,0.2,1.40465,1.4047,1e-07,
59,50,0.2,0.4,4.61914,4.61909,1e-07,
59,50,0.2,0.6,7.43394,7.43385,1e-07,
59,50,0.2,0.8,9.7799,9.77982,1e-07,
59,50,0.2,1,11.7666,11.7665,1e-07,
59.5,50,0.0100001,1e-07,1e-07,1e-07,1e-07,
59.5,50,0.0100001,0.2,1e-07,1e-07,1e-07,
59.5,50,0.0100001,0.4,1e-07,1e-07,1e-07,
59.5,50,0.0100001,0.6,1e-07,1e-07,1e-07,
59.5,50,0.0100001,0.8,1e-07,1e-07,1e-07,
59.5,50,0.0100001,1,1e-07,1e-07,1e-07,
59.5,50,0.0480001,1e-07,1e-07,1e-07,1e-07,
59.5,50,0.0480001,0.2,1e-07,1e-07,1e-07,
59.5,50,0.0480001,0.4,1.18654e-07,1.17764e-07,1e-07,
59.5,50,0.0480001,0.6,4.95395e-06,4.91393e-06,1e-07,
59.5,50,0.0480001,0.8,7.72869e-05,7.68422e-05,1e-07,
59.5,50,0.0480001,1,0.000397894,0.000396155,1e-07,
59.5,50,0.0860001,1e-07,1e-07,1e-07,1e-07,
59.5,50,0.0860001,0.2,0.000104419,0.000103912,1e-07,
59.5,50,0.0860001,0.4,0.0236059,0.0235818,1e-07,
59.5,50,0.0860001,0.6,0.152929,0.152885,1e-07,
59.5,50,0.0860001,0.8,0.398296,0.398266,1e-07,
59.5,50,0.0860001,1,0.714228,0.714228,1e-07,
59.5,50,0.124,1e-07,1e-07,1e-07,1e-07,
59.5,50,0.124,0.2,0.0394813,0.0394576,1e-07,
59.5,50,0.124,0.4,0.639532,0.639553,1e-07,
59.5,50,0.124,0.6,1.74031,1.74039,1e-07,
59.5,50,0.124,0.8,2.96317,2.96326,1e-07,
59.5,50,0.124,1,4.14617,4.14624,1e-07,
59.5,50,0.162,1e-07,1e-07,1e-07,1e-07,
59.5,50,0.162,0.2,0.385276,0.385283,1e-07,
59.5,50,0.162,0.4,2.26793,2.26799,1e-07,
59.5,50,0.162,0.6,4.4231,4.42309,1e-07,
59.5,50,0.162,0.8,6.39624,6.39618,1e-07,
59.5,50,0.162,1,8.13542,8.13532,1e-07,
59.5,50,0.2,1e-07,1e-07,1e-07,1e-07,
59.5,50,0.2,0.2,1.16698,1.16703,1e-07,
59.5,50,0.2,0.4,4.19694,4.19692,1e-07,
59.5,50,0.2,0.6,6.95907,6.95898,1e-07,
59.5,50,0.2,0.8,9.29279,9.2927,1e-07,
59.5,50,0.2,1,11.281,11.2809,1e-07,
60,50,0.0100001,1e-07,1e-07,1e-07,1e-07,
60,50,0.0100001,0.2,1e-07,1e-07,1e-07,
60,50,0.0100001,0.4,1e-07,1e-07,1e-07,
60,50,0.0100001,0.6,1e-07,1e-07,1e-07,
60,50,0.0100001,0.8,1e-07,1e-07,1e-07,
60,50,0.0100001,1,1e-07,1e-07,1e-07,
60,50,0.0480001,1e-07,1e-07,1e-07,1e-07,
60,50,0.0480001,0.2,1e-07,1e-07,1e-07,
60,50,0.0480001,0.4,1.03099e-07,1.03553e-07,1e-07,
60,50,0.0480001,0.6,1.48269e-06,1.46851e-06,1e-07,
60,50,0.0480001,0.8,2.88908e-05,2.86972e-05,1e-07,
60,50,0.0480001,1,0.000174528,0.000173637,1e-07,
60,50,0.0860001,1e-07,1e-07,1e-07,1e-07,
60,50,0.0860001,0.2,3.6236e-05,3.60243e-05,1e-07,
60,50,0.0860001,0.4,0.0135343,0.0135161,1e-07,
60,50,0.0860001,0.6,0.103717,0.103672,1e-07,
60,50,0.0860001,0.8,0.29379,0.293748,1e-07,
60,50,0.0860001,1,0.554052,0.554032,1e-07,
60,50,0.124,1e-07,1e-07,1e-07,1e-07,
60,50,0.124,0.2,0.0237611,0.0237412,1e-07,
60,50,0.124,0.4,0.490455,0.490459,1e-07,
60,50,0.124,0.6,1.44694,1.44702,1e-07,
60,50,0.124,0.8,2.56522,2.56532,1e-07,
60,50,0.124,1,3.67741,3.6775,1e-07,
60,50,0.162,1e-07,1e-07,1e-07,1e-07,
60,50,0.162,0.2,0.28663,0.286625,1e-07,
60,50,0.162,0.4,1.94469,1.94476,1e-07,
60,50,0.162,0.6,3.97654,3.97656,1e-07,
60,50,0.162,0.8,5.8882,5.88816,1e-07,
60,50,0.162,1,7.59634,7.59626,1e-07,
60,50,0.2,1e-07,1e-07,1e-07,1e-07,
60,50,0.2,0.2,0.962523,0.96257,1e-07,
60,50,0.2,0.4,3.79966,3.79965,1e-07,
60,50,0.2,0.6,6.49905,6.49897,1e-07,
60,50,0.2,0.8,8.81433,8.81423,1e-07,
60,50,0.2,1,10.8004,10.8003,1e-07,
